Name,Color,HasWings,Speed,Attack,Defense,Weight,Height,HabitatAltitude,HabitatTemperature,CorrectType
Sample_001,Red,False,74.7,85.5,40.4,123.4,1.1,1243.5,41.0,Fire
Sample_002,Blue,False,58.4,69.5,73.1,90.4,0.9,162.1,17.6,Water
Sample_003,Green,False,43.1,50.5,87.7,108.8,1.2,514.2,23.7,Grass
Sample_004,Others,True,92.5,67.0,32.7,42.9,0.6,2403.1,5.2,Flying
Sample_005,Red,False,62.9,99.9,56.2,150.4,1.5,922.9,38.6,Fire
Sample_006,Others,False,69.4,69.7,61.3,83.7,0.8,308.9,17.1,Water
Sample_007,Green,False,33.4,63.7,84.5,142.5,1.8,686.8,25.5,Grass
Sample_008,Red,True,80.9,78.8,42.0,56.7,0.7,1888.9,12.2,Flying
Sample_009,Others,False,77.8,88.7,31.1,52.4,0.4,1479.4,43.0,Fire
Sample_010,Blue,False,57.3,59.9,82.6,125.7,1.2,85.2,10.8,Water
Sample_011,Others,False,49.2,60.5,84.6,88.0,1.0,710.4,20.3,Grass
Sample_012,Blue,True,87.3,70.2,41.4,49.6,0.8,2292.3,11.0,Flying
Sample_013,Red,False,54.6,96.9,61.1,101.3,1.0,711.3,30.7,Fire
Sample_014,Blue,False,74.7,66.9,72.6,103.7,1.0,235.0,18.7,Water
Sample_015,Green,False,60.2,79.1,95.1,133.5,1.5,416.9,23.0,Grass
Sample_016,Green,True,97.6,71.0,35.8,59.6,0.9,3069.7,15.4,Flying
Sample_017,Others,False,64.5,98.0,48.8,173.9,1.7,1165.8,39.1,Fire
Sample_018,Others,False,57.1,67.8,80.1,88.2,0.7,121.3,15.4,Water
Sample_019,Others,False,38.1,50.5,85.2,122.9,1.7,689.9,20.9,Grass
Sample_020,Red,True,85.5,82.2,43.1,64.5,1.2,1455.6,24.8,Flying
Sample_021,Red,False,75.7,85.0,45.1,110.3,1.0,1440.4,36.9,Fire
Sample_022,Blue,False,64.0,59.8,79.3,103.0,1.3,207.5,18.4,Water
Sample_023,Others,False,47.9,62.3,98.3,120.5,1.5,574.5,25.4,Grass
Sample_024,Others,True,94.6,72.7,35.2,57.5,0.9,2714.2,8.6,Flying
Sample_025,Red,False,67.8,90.5,47.8,148.0,1.4,723.8,46.7,Fire
Sample_026,Blue,False,72.1,74.5,66.4,91.8,0.6,173.6,19.8,Water
Sample_027,Red,False,44.6,59.8,85.2,131.4,1.7,753.6,26.3,Grass
Sample_028,Green,True,94.2,67.5,41.0,65.3,1.2,2461.6,12.4,Flying
Sample_029,Others,False,77.3,89.8,37.4,58.8,0.5,1680.7,42.5,Fire
Sample_030,Others,False,59.7,65.3,83.3,115.1,0.9,93.7,13.7,Water
Sample_031,Others,False,51.7,67.5,78.4,94.4,1.1,706.6,22.2,Grass
Sample_032,Blue,True,95.5,66.4,43.3,52.8,0.8,1927.5,13.7,Flying
Sample_033,Red,False,58.0,85.7,63.1,103.7,1.3,586.5,36.5,Fire
Sample_034,Blue,False,82.3,76.4,66.1,109.0,1.4,306.2,22.5,Water
Sample_035,Green,False,58.4,65.6,98.5,139.8,1.1,455.9,26.2,Grass
Sample_036,Others,False,103.4,80.8,38.7,79.7,1.3,3362.3,-2.2,Flying
Sample_037,Red,False,72.5,95.9,58.8,172.5,1.5,1048.2,38.8,Fire
Sample_038,Blue,False,64.8,64.9,72.4,100.8,0.8,130.5,17.9,Water
Sample_039,Green,False,46.2,58.5,100.0,132.0,1.9,916.3,23.4,Grass
Sample_040,Red,True,91.9,74.4,40.1,67.3,0.9,1509.2,18.1,Flying
Sample_041,Others,False,79.5,86.1,40.2,73.6,0.7,1301.9,38.5,Fire
Sample_042,Others,False,59.5,62.3,76.2,108.1,1.5,108.5,15.5,Water
Sample_043,Others,False,47.2,57.8,78.4,120.6,1.4,870.8,24.8,Grass
Sample_044,Blue,True,99.9,66.0,42.2,55.0,0.9,2447.3,10.2,Flying
Sample_045,Red,False,65.3,93.9,56.3,147.8,1.2,1032.7,39.4,Fire
Sample_046,Blue,False,68.4,73.5,64.3,107.9,1.0,228.0,20.6,Water
Sample_047,Green,False,47.1,65.1,94.8,140.0,1.7,576.0,24.6,Grass
Sample_048,Others,True,101.6,79.6,38.4,64.8,1.2,2818.2,12.5,Flying
Sample_049,Green,True,63.9,56.7,76.2,72.9,1.4,102.6,29.5,Grass
Sample_050,Blue,False,92.0,82.0,60.2,98.6,0.9,46.9,27.8,Water
Sample_051,Red,False,75.3,89.6,39.6,121.9,1.1,1155.5,40.5,Fire
Sample_052,Blue,False,63.7,65.3,68.0,92.9,0.9,140.2,16.2,Water
Sample_053,Green,False,42.5,49.5,96.2,108.3,1.2,495.4,20.6,Grass
Sample_054,Others,True,94.8,69.5,34.1,42.3,0.6,2577.5,5.0,Flying
Sample_055,Red,False,70.4,90.2,54.9,152.2,1.5,837.2,37.0,Fire
Sample_056,Others,False,70.4,68.5,57.5,83.1,0.8,282.5,15.8,Water
Sample_057,Others,False,36.5,57.5,84.4,138.9,1.8,832.9,25.1,Grass
Sample_058,Red,True,94.2,78.1,42.4,53.1,0.7,1886.2,12.7,Flying
Sample_059,Others,False,78.8,92.4,28.6,49.9,0.4,1516.1,46.0,Fire
Sample_060,Blue,False,55.8,54.6,82.1,121.4,1.2,82.7,11.8,Water
Sample_061,Others,False,54.4,65.7,67.4,96.3,1.1,577.3,21.5,Grass
Sample_062,Blue,True,94.6,66.9,39.5,47.9,0.8,2167.6,10.7,Flying
Sample_063,Red,False,61.9,83.5,66.2,95.4,1.0,773.4,33.4,Fire
Sample_064,Blue,False,73.4,72.9,66.6,108.4,1.1,228.9,20.1,Water
Sample_065,Green,False,61.3,77.2,90.3,141.1,1.4,420.2,24.2,Grass
Sample_066,Green,True,92.8,73.2,39.6,65.0,1.0,2836.6,15.0,Flying
Sample_067,Others,False,58.6,95.6,49.5,164.9,1.6,1080.0,39.5,Fire
Sample_068,Others,False,70.9,71.9,68.9,83.5,0.7,120.6,15.4,Water
Sample_069,Others,False,41.3,49.2,87.6,128.4,1.6,690.4,20.7,Grass
Sample_070,Red,True,86.2,88.0,42.6,72.2,1.2,1414.3,24.4,Flying
Sample_071,Red,False,70.1,76.4,46.3,109.9,1.0,1383.9,35.9,Fire
Sample_072,Blue,False,65.6,65.5,81.5,102.3,1.3,195.4,15.8,Water
Sample_073,Green,False,49.8,60.5,98.9,114.1,1.5,612.8,25.9,Grass
Sample_074,Others,True,93.2,72.9,36.7,52.4,0.9,2572.2,8.1,Flying
Sample_075,Red,False,66.9,92.3,48.6,151.7,1.4,859.8,43.3,Fire
Sample_076,Blue,False,72.4,69.9,70.3,85.8,0.6,180.2,18.0,Water
Sample_077,Green,False,42.6,59.8,91.7,144.6,1.6,718.8,25.6,Grass
Sample_078,Green,True,96.1,70.9,38.8,60.5,1.2,2578.3,12.0,Flying
Sample_079,Others,False,77.5,88.0,31.1,60.7,0.5,1597.3,43.9,Fire
Sample_080,Others,False,57.5,60.1,77.8,106.8,1.0,97.8,13.5,Water
Sample_081,Others,False,51.2,65.5,83.6,102.4,1.3,673.4,24.6,Grass
Sample_082,Blue,True,90.7,69.4,40.9,49.3,0.6,2015.9,14.5,Flying
Sample_083,Red,False,53.4,77.2,73.1,110.0,1.2,562.2,39.2,Fire
Sample_084,Blue,False,74.8,78.4,65.2,116.3,1.4,285.7,21.3,Water
Sample_085,Green,False,65.0,66.6,96.9,132.1,1.1,459.2,23.1,Grass
Sample_086,Others,False,100.6,76.2,34.9,82.1,1.3,3162.5,-2.0,Flying
Sample_087,Red,False,69.7,98.6,59.0,145.6,1.7,978.3,39.8,Fire
Sample_088,Blue,False,68.0,69.8,72.3,101.1,0.8,133.7,17.4,Water
Sample_089,Green,False,47.1,64.4,97.6,126.4,1.8,820.2,25.2,Grass
Sample_090,Red,True,94.5,82.8,39.3,61.1,1.0,1723.1,20.4,Flying
Sample_091,Red,False,79.8,80.5,38.8,68.0,0.6,1256.1,37.3,Fire
Sample_092,Others,False,56.6,63.0,85.2,109.5,1.4,106.6,13.6,Water
Sample_093,Others,False,44.7,60.3,84.3,117.5,1.4,752.2,23.2,Grass
Sample_094,Blue,True,88.5,76.9,41.3,56.2,0.9,2714.1,9.3,Flying
Sample_095,Red,False,67.6,89.4,58.3,133.0,1.2,997.6,33.8,Fire
Sample_096,Blue,False,71.7,79.3,71.4,107.7,0.9,221.2,18.6,Water
Sample_097,Green,False,50.1,73.1,96.1,138.1,1.6,587.9,24.6,Grass
Sample_098,Others,True,99.8,73.1,37.1,62.9,1.3,3121.0,13.2,Flying
Sample_099,Green,True,59.8,59.6,72.0,81.2,1.3,103.6,29.2,Grass
Sample_100,Blue,False,85.9,74.4,58.9,93.1,1.0,46.2,23.6,Water
Sample_101,Red,False,78.0,79.0,38.5,130.8,1.2,1271.5,39.2,Fire
Sample_102,Blue,False,62.5,67.2,76.8,86.1,0.9,148.7,18.4,Water
Sample_103,Green,False,42.6,49.1,88.5,115.7,1.2,498.9,21.9,Grass
Sample_104,Others,True,95.1,65.8,34.2,40.1,0.6,2548.0,5.3,Flying
Sample_105,Red,False,65.6,99.2,56.6,147.8,1.6,901.5,41.2,Fire
Sample_106,Others,False,73.8,78.1,60.0,92.0,0.8,301.2,15.8,Water
Sample_107,Green,False,35.8,59.4,88.1,142.0,1.7,820.0,26.4,Grass
Sample_108,Red,True,92.6,82.7,45.2,53.7,0.7,1677.7,12.3,Flying
Sample_109,Others,False,86.0,97.9,29.8,52.0,0.4,1483.0,41.4,Fire
Sample_110,Blue,False,52.2,60.9,82.7,118.9,1.3,80.0,11.0,Water
Sample_111,Others,False,48.7,62.7,78.7,101.7,1.0,644.2,20.7,Grass
Sample_112,Blue,True,94.0,62.4,40.1,47.3,0.8,2177.3,10.5,Flying
Sample_113,Red,False,61.1,89.4,54.6,103.5,0.8,798.4,35.4,Fire
Sample_114,Blue,False,72.8,67.1,74.5,97.6,1.1,248.8,20.5,Water
Sample_115,Green,False,57.9,72.8,97.1,131.6,1.3,390.4,25.6,Grass
Sample_116,Green,True,87.3,68.4,39.0,58.4,1.0,2949.1,15.2,Flying
Sample_117,Others,False,69.9,98.4,50.2,172.0,1.8,1156.1,41.5,Fire
Sample_118,Others,False,63.9,69.1,70.5,96.2,0.7,128.2,15.1,Water
Sample_119,Others,False,39.4,56.0,83.4,118.8,1.6,751.4,22.6,Grass
Sample_120,Red,True,95.0,90.5,41.0,64.7,1.2,1405.1,26.4,Flying
Sample_121,Red,False,74.0,85.3,43.7,116.1,1.0,1264.8,39.5,Fire
Sample_122,Blue,False,62.7,59.6,78.7,96.1,1.4,209.6,15.0,Water
Sample_123,Green,False,48.8,61.0,90.1,130.5,1.5,606.9,22.8,Grass
Sample_124,Others,True,97.9,72.3,35.8,52.2,0.9,2887.9,8.2,Flying
Sample_125,Red,False,64.1,88.7,54.2,147.2,1.4,844.8,40.1,Fire
Sample_126,Blue,False,72.0,74.8,70.7,101.9,0.7,191.7,19.3,Water
Sample_127,Green,False,40.8,64.5,91.5,130.0,1.6,701.4,28.7,Grass
Sample_128,Green,True,98.5,68.8,37.7,73.2,1.0,2533.2,11.8,Flying
Sample_129,Others,False,73.5,82.4,33.4,62.0,0.5,1526.5,42.3,Fire
Sample_130,Others,False,55.9,61.4,83.8,120.1,1.0,94.7,13.0,Water
Sample_131,Blue,False,52.4,70.9,84.0,89.1,1.2,683.1,23.5,Grass
Sample_132,Others,True,100.3,69.8,43.7,46.9,0.7,2146.2,12.8,Flying
Sample_133,Red,False,53.6,81.7,73.0,96.9,1.3,611.3,34.7,Fire
Sample_134,Green,False,78.5,76.9,62.9,99.2,1.4,304.0,20.3,Water
Sample_135,Green,False,65.3,67.4,103.5,147.7,1.1,406.2,25.1,Grass
Sample_136,Others,False,111.0,73.1,33.2,74.1,1.2,3052.0,-2.0,Flying
Sample_137,Red,False,72.4,98.6,56.0,175.9,1.5,989.4,38.9,Fire
Sample_138,Blue,False,68.4,72.8,72.1,93.8,0.8,147.1,16.6,Water
Sample_139,Green,False,45.9,60.6,91.3,127.2,2.0,836.2,26.8,Grass
Sample_140,Red,True,92.4,86.4,41.9,67.7,0.9,1632.6,21.7,Flying
Sample_141,Others,False,71.9,93.2,40.7,70.2,0.7,1213.5,40.2,Fire
Sample_142,Others,False,61.0,61.2,77.9,112.0,1.5,106.3,16.2,Water
Sample_143,Others,False,46.3,59.2,86.7,120.8,1.4,744.2,23.1,Grass
Sample_144,Blue,True,91.7,67.2,41.4,56.0,0.9,2677.2,10.6,Flying
Sample_145,Red,False,63.8,85.5,60.4,138.9,1.2,949.6,39.2,Fire
Sample_146,Blue,False,75.9,76.2,73.7,101.7,1.0,208.1,19.4,Water
Sample_147,Green,False,45.2,71.8,101.2,140.4,1.5,537.1,22.9,Grass
Sample_148,Others,True,90.9,69.6,35.1,61.7,1.2,2922.0,12.8,Flying
Sample_149,Green,True,58.5,60.3,67.2,85.9,1.5,94.0,31.8,Grass
Sample_150,Blue,False,83.7,75.5,59.3,90.0,0.9,49.6,24.8,Water
Sample_151,Red,False,78.1,91.2,43.8,133.5,1.1,1158.7,36.4,Fire
Sample_152,Blue,False,66.4,60.3,75.0,92.8,0.9,149.3,18.2,Water
Sample_153,Green,False,46.4,48.5,86.5,111.2,1.3,530.8,20.3,Grass
Sample_154,Others,True,94.8,71.0,35.3,40.7,0.6,2392.7,5.4,Flying
Sample_155,Red,False,63.2,97.3,56.4,151.8,1.6,859.5,38.9,Fire
Sample_156,Others,False,66.0,71.2,61.4,81.0,0.8,317.8,15.9,Water
Sample_157,Green,False,37.8,53.6,91.0,143.2,1.7,858.4,26.1,Grass
Sample_158,Red,True,83.0,87.1,48.2,59.6,0.7,1599.9,12.8,Flying
Sample_159,Others,False,77.7,91.1,28.0,50.8,0.4,1563.2,41.5,Fire
Sample_160,Blue,False,52.0,56.5,85.6,124.1,1.1,78.4,11.6,Water
Sample_161,Others,False,48.7,72.4,84.4,95.7,1.0,637.0,19.6,Grass
Sample_162,Blue,True,96.0,65.2,41.2,47.9,0.8,2290.2,11.0,Flying
Sample_163,Red,False,61.1,89.1,63.1,93.5,0.9,717.4,34.9,Fire
Sample_164,Blue,False,78.9,69.3,63.5,105.3,1.1,249.9,19.9,Water
Sample_165,Green,False,61.3,78.7,92.8,144.3,1.4,429.1,22.0,Grass
Sample_166,Green,True,105.3,72.0,39.2,58.2,1.0,2868.8,16.8,Flying
Sample_167,Others,False,66.1,96.4,50.7,162.2,1.8,993.1,39.2,Fire
Sample_168,Others,True,66.4,71.8,73.1,93.7,0.7,103.5,15.0,Water
Sample_169,Others,False,35.4,57.6,96.5,133.7,1.6,710.6,22.5,Grass
Sample_170,Red,True,88.2,98.4,39.3,70.7,1.2,1503.0,25.0,Flying
Sample_171,Red,False,74.7,89.6,41.5,123.7,1.0,1422.3,35.5,Fire
Sample_172,Blue,False,62.5,60.2,76.1,105.5,1.4,185.4,15.6,Water
Sample_173,Red,False,47.0,57.0,89.9,121.6,1.6,602.2,24.4,Grass
Sample_174,Others,True,103.2,75.5,35.4,51.7,1.0,2629.6,7.8,Flying
Sample_175,Red,False,66.0,94.7,51.8,151.7,1.3,814.0,40.6,Fire
Sample_176,Blue,False,68.6,68.8,67.8,89.5,0.6,200.3,19.2,Water
Sample_177,Green,False,40.6,55.3,88.4,128.9,1.6,751.9,24.2,Grass
Sample_178,Green,True,91.9,70.7,40.7,61.2,1.1,2438.6,12.1,Flying
Sample_179,Others,False,70.9,74.1,34.3,61.6,0.5,1481.3,41.6,Fire
Sample_180,Others,False,62.3,60.8,83.1,119.9,1.0,89.5,13.4,Water
Sample_181,Others,False,56.5,71.4,81.8,99.8,1.3,698.5,23.1,Grass
Sample_182,Blue,True,86.3,64.6,42.3,50.2,0.6,1952.7,14.0,Flying
Sample_183,Red,False,55.7,79.9,69.6,104.8,1.4,609.5,35.0,Fire
Sample_184,Blue,False,74.2,76.6,64.2,112.5,1.5,308.0,19.1,Water
Sample_185,Green,False,61.4,71.3,89.7,129.2,1.1,481.9,27.7,Grass
Sample_186,Others,False,101.8,76.7,38.5,78.6,1.3,3336.3,-2.2,Flying
Sample_187,Red,False,68.5,94.3,55.6,181.9,1.7,1066.6,39.8,Fire
Sample_188,Blue,False,70.9,76.3,67.5,103.4,0.8,144.4,18.3,Water
Sample_189,Green,False,45.7,62.4,93.6,118.8,1.9,856.8,28.0,Grass
Sample_190,Red,True,87.4,84.7,42.7,71.0,1.0,1712.2,20.6,Flying
Sample_191,Others,False,74.1,92.1,39.8,74.6,0.7,1154.1,40.4,Fire
Sample_192,Others,False,62.5,62.5,75.2,107.0,1.5,107.1,13.2,Water
Sample_193,Others,False,47.1,61.6,80.4,119.5,1.3,774.6,22.1,Grass
Sample_194,Blue,True,94.1,68.5,39.8,60.4,0.9,2525.5,9.0,Flying
Sample_195,Red,False,66.0,88.5,58.5,134.6,1.2,993.2,36.1,Fire
Sample_196,Blue,False,75.1,74.1,72.4,105.2,1.1,229.4,20.2,Water
Sample_197,Green,False,48.9,72.9,96.7,139.2,1.6,598.3,26.7,Grass
Sample_198,Others,True,83.0,87.5,36.6,60.6,1.2,2930.9,12.7,Flying
Sample_199,Green,True,59.3,60.4,67.0,84.6,1.6,94.3,30.2,Grass
Sample_200,Blue,False,90.0,73.8,68.0,89.6,0.9,49.0,25.6,Water
Sample_201,Red,False,74.1,88.4,37.5,122.3,1.2,1201.2,38.4,Fire
Sample_202,Blue,False,59.6,65.8,73.7,93.5,0.8,148.2,17.6,Water
Sample_203,Green,False,45.6,48.8,87.6,100.6,1.2,508.7,20.7,Grass
Sample_204,Others,True,95.2,70.7,32.3,42.7,0.6,2635.4,5.1,Flying
Sample_205,Red,False,60.8,87.1,60.7,149.5,1.6,866.9,37.9,Fire
Sample_206,Others,False,72.1,71.7,56.6,83.3,0.8,298.7,16.1,Water
Sample_207,Green,False,33.5,54.2,86.3,126.5,1.8,802.8,25.9,Grass
Sample_208,Red,True,83.2,80.2,41.2,58.8,0.7,1837.2,11.7,Flying
Sample_209,Others,False,85.8,88.5,29.3,53.0,0.4,1500.6,39.8,Fire
Sample_210,Blue,False,55.7,56.5,82.9,119.8,1.3,80.9,12.0,Water
Sample_211,Others,False,47.8,68.7,77.6,98.7,1.1,619.9,18.7,Grass
Sample_212,Blue,True,89.2,65.5,34.5,50.0,0.8,2094.6,11.0,Flying
Sample_213,Blue,False,55.0,82.6,71.8,88.1,0.9,822.7,37.3,Fire
Sample_214,Blue,False,76.6,72.2,74.2,106.3,1.1,230.2,20.0,Water
Sample_215,Green,True,60.4,74.5,96.8,137.6,1.5,372.9,25.2,Grass
Sample_216,Green,True,98.0,72.1,37.3,63.2,1.0,3149.0,14.9,Flying
Sample_217,Others,False,72.5,100.7,52.0,170.6,1.6,1117.1,42.8,Fire
Sample_218,Others,False,63.3,69.4,76.5,97.7,0.7,119.3,14.0,Water
Sample_219,Others,False,45.7,55.7,88.3,135.6,1.6,672.2,21.6,Grass
Sample_220,Red,True,100.8,79.0,44.4,70.6,1.2,1430.1,25.3,Flying
Sample_221,Red,False,76.3,85.9,45.5,111.0,1.0,1373.3,39.1,Fire
Sample_222,Blue,False,59.1,61.9,78.1,102.1,1.3,209.4,15.8,Water
Sample_223,Green,False,47.0,59.4,88.9,122.3,1.4,557.4,24.9,Grass
Sample_224,Red,True,88.9,74.2,33.5,51.6,0.9,2741.9,8.6,Flying
Sample_225,Red,False,72.1,80.1,55.4,141.7,1.4,811.7,40.8,Fire
Sample_226,Blue,False,68.4,70.7,67.7,90.2,0.6,170.2,18.5,Water
Sample_227,Green,False,43.4,64.6,93.0,139.3,1.8,716.1,25.8,Grass
Sample_228,Green,True,96.9,64.7,38.2,70.1,1.1,2404.5,12.0,Flying
Sample_229,Green,False,81.0,97.4,34.0,61.0,0.5,1708.1,48.2,Fire
Sample_230,Red,False,57.2,60.8,85.1,130.6,1.0,97.6,13.6,Water
Sample_231,Others,False,55.0,68.4,85.3,87.2,1.3,674.1,23.8,Grass
Sample_232,Blue,True,95.5,64.0,40.6,55.6,0.7,2030.4,14.2,Flying
Sample_233,Red,False,62.9,86.4,68.8,101.8,1.4,599.9,39.2,Fire
Sample_234,Blue,False,76.8,77.7,66.8,112.2,1.4,315.6,22.3,Water
Sample_235,Green,False,61.7,70.6,95.8,145.8,1.1,467.5,24.2,Grass
Sample_236,Others,False,93.2,70.6,34.7,72.7,1.3,3075.0,-2.1,Flying
Sample_237,Red,False,71.0,92.6,54.0,172.1,1.5,1014.4,40.2,Fire
Sample_238,Blue,False,76.2,69.4,71.4,95.2,0.8,123.4,17.6,Water
Sample_239,Green,False,41.9,58.8,83.4,135.4,2.1,835.9,27.4,Grass
Sample_240,Red,True,87.1,82.6,36.4,72.2,0.9,1687.7,20.6,Flying
Sample_241,Red,False,79.9,85.5,38.5,69.7,0.7,1416.4,39.0,Fire
Sample_242,Others,False,65.7,63.6,80.5,113.9,1.6,109.4,14.9,Water
Sample_243,Others,False,44.4,60.8,90.1,131.1,1.4,729.0,23.6,Grass
Sample_244,Blue,True,100.1,70.9,42.4,57.2,0.9,2545.1,9.5,Flying
Sample_245,Red,False,62.9,93.7,58.9,146.8,1.2,978.7,39.0,Fire
Sample_246,Blue,False,73.4,77.6,71.2,99.4,1.0,228.2,19.5,Water
Sample_247,Green,False,54.0,64.1,93.5,136.2,1.6,510.7,23.6,Grass
Sample_248,Others,True,91.1,78.7,36.1,61.5,1.1,2981.4,13.8,Flying
Sample_249,Green,True,61.2,60.5,69.4,79.3,1.5,99.9,29.5,Grass
Sample_250,Blue,False,82.0,74.5,57.4,94.0,0.9,52.0,28.8,Water
Sample_251,Red,False,75.8,93.2,41.1,132.7,1.1,1154.3,37.9,Fire
Sample_252,Blue,False,59.5,66.9,72.0,81.0,0.9,149.7,18.9,Water
Sample_253,Green,False,44.8,53.4,92.7,98.9,1.3,471.7,20.9,Grass
Sample_254,Green,True,92.6,64.7,34.8,39.8,0.6,2434.8,5.0,Flying
Sample_255,Red,False,59.8,102.5,56.8,138.4,1.5,960.2,38.2,Fire
Sample_256,Others,False,73.6,74.6,59.6,90.2,0.8,293.0,16.1,Water
Sample_257,Green,False,35.5,59.5,92.1,137.6,1.7,795.1,22.5,Grass
Sample_258,Red,True,84.2,86.9,48.3,55.8,0.7,1721.1,14.1,Flying
Sample_259,Others,False,76.8,92.0,29.0,48.0,0.4,1476.5,34.9,Fire
Sample_260,Blue,False,54.6,62.4,70.4,129.7,1.2,72.9,13.6,Water
Sample_261,Others,False,45.6,67.1,77.2,101.8,0.8,670.7,19.1,Grass
Sample_262,Blue,True,91.6,65.4,40.5,46.6,0.9,2351.8,11.3,Flying
Sample_263,Red,False,57.0,82.2,70.8,93.7,0.9,687.6,34.2,Fire
Sample_264,Blue,False,75.8,70.0,64.1,112.0,1.1,254.8,17.5,Water
Sample_265,Green,False,60.7,74.4,92.2,139.9,1.4,446.7,24.0,Grass
Sample_266,Green,True,99.3,73.6,39.9,60.5,1.1,3189.0,14.8,Flying
Sample_267,Others,False,66.9,103.0,50.0,166.5,1.7,1196.1,35.2,Fire
Sample_268,Others,False,66.8,69.7,72.0,97.2,0.6,116.5,14.6,Water
Sample_269,Others,False,42.6,56.1,94.8,130.3,1.8,733.5,22.1,Grass
Sample_270,Red,True,92.1,80.8,40.5,68.3,1.2,1527.5,25.3,Flying
Sample_271,Red,False,68.8,80.2,44.6,115.8,1.1,1356.1,38.3,Fire
Sample_272,Blue,False,62.2,60.0,74.6,106.5,1.3,206.7,15.7,Water
Sample_273,Green,False,44.7,56.2,85.3,123.8,1.7,628.9,22.4,Grass
Sample_274,Others,True,95.7,71.8,36.6,48.0,1.0,2789.8,7.4,Flying
Sample_275,Red,False,66.8,91.9,53.0,139.9,1.4,881.3,43.0,Fire
Sample_276,Blue,False,72.3,67.2,64.8,99.1,0.5,176.2,19.8,Water
Sample_277,Green,True,43.3,61.4,82.8,130.9,1.8,743.5,26.8,Grass
Sample_278,Green,True,93.1,63.3,41.5,64.9,1.1,2430.1,11.6,Flying
Sample_279,Others,False,80.7,90.1,34.5,57.1,0.5,1454.0,43.3,Fire
Sample_280,Others,False,61.2,55.9,81.3,117.6,1.0,102.8,13.8,Water
Sample_281,Others,False,50.8,67.0,77.7,95.9,1.2,711.1,22.6,Grass
Sample_282,Blue,True,94.2,69.8,41.9,48.9,0.7,1981.3,13.8,Flying
Sample_283,Red,False,64.9,86.4,69.6,104.2,1.4,575.8,35.7,Fire
Sample_284,Blue,False,75.7,75.2,58.7,109.0,1.5,320.9,22.6,Water
Sample_285,Green,False,59.1,70.4,99.9,142.9,1.0,463.2,23.1,Grass
Sample_286,Others,False,104.4,77.7,33.4,75.3,1.2,3411.0,-2.1,Flying
Sample_287,Red,False,73.0,90.8,57.0,183.7,1.7,983.1,39.5,Fire
Sample_288,Blue,False,62.2,70.6,73.1,101.2,0.8,153.8,16.9,Water
Sample_289,Green,False,41.8,56.6,96.7,117.4,1.9,778.8,26.0,Grass
Sample_290,Red,True,94.9,77.3,39.3,72.4,1.0,1636.3,20.5,Flying
Sample_291,Red,False,71.7,87.5,43.5,70.3,0.7,1248.1,37.3,Fire
Sample_292,Others,False,55.6,63.1,73.8,97.9,1.5,103.1,15.5,Water
Sample_293,Others,False,44.9,58.8,87.1,126.2,1.5,823.5,23.2,Grass
Sample_294,Blue,True,101.3,74.2,40.3,52.8,0.8,2469.0,10.0,Flying
Sample_295,Red,False,64.0,97.6,60.0,139.3,1.1,960.2,37.9,Fire
Sample_296,Others,False,74.4,76.3,68.7,100.5,1.0,240.0,19.0,Water
Sample_297,Green,False,46.4,62.1,88.6,135.6,1.6,559.7,23.7,Grass
Sample_298,Others,True,93.3,72.5,33.7,59.2,1.1,2976.1,12.8,Flying
Sample_299,Others,True,59.7,59.3,75.3,83.8,1.5,101.7,29.2,Grass
Sample_300,Blue,False,84.6,76.2,60.5,83.3,0.8,49.1,26.8,Water
Sample_301,Red,False,70.9,88.9,40.4,134.5,1.1,1269.7,42.9,Fire
Sample_302,Blue,False,59.7,66.9,75.7,97.8,0.9,144.2,19.3,Water
Sample_303,Green,False,42.5,47.5,87.8,105.9,1.3,493.4,22.7,Grass
Sample_304,Others,True,96.4,70.0,34.0,38.7,0.6,2464.9,5.2,Flying
Sample_305,Red,False,61.4,98.8,54.3,157.3,1.5,920.8,39.3,Fire
Sample_306,Others,False,77.9,74.1,60.0,82.0,0.7,313.2,15.8,Water
Sample_307,Green,False,36.1,60.9,86.8,147.5,1.8,789.5,27.6,Grass
Sample_308,Red,True,85.2,85.3,47.7,56.3,0.7,1781.8,13.7,Flying
Sample_309,Others,False,80.2,87.1,31.5,54.4,0.4,1502.8,40.9,Fire
Sample_310,Blue,False,52.0,56.2,80.4,117.0,1.2,81.2,12.3,Water
Sample_311,Others,False,47.2,59.3,77.1,103.1,1.0,598.0,21.7,Grass
Sample_312,Blue,True,91.5,68.4,40.5,47.6,0.9,2441.9,11.6,Flying
Sample_313,Red,False,58.0,87.5,62.6,104.5,1.0,769.6,37.3,Fire
Sample_314,Blue,False,74.6,65.7,69.2,106.5,1.2,222.4,19.0,Water
Sample_315,Green,False,60.8,65.7,97.9,121.6,1.5,403.6,23.9,Grass
Sample_316,Green,True,99.5,77.6,36.9,64.3,1.0,2979.6,15.4,Flying
Sample_317,Red,False,64.1,97.3,49.3,176.0,1.6,1180.8,41.3,Fire
Sample_318,Others,False,65.9,67.8,67.6,92.6,0.7,118.6,14.9,Water
Sample_319,Others,False,38.9,53.6,82.8,108.2,1.7,715.1,21.0,Grass
Sample_320,Red,True,88.5,84.2,44.6,67.6,1.2,1529.5,24.4,Flying
Sample_321,Green,False,80.6,75.4,45.8,119.0,1.0,1362.8,38.0,Fire
Sample_322,Blue,False,60.6,63.7,70.3,103.4,1.3,200.7,16.8,Water
Sample_323,Green,False,50.4,55.9,87.2,120.4,1.5,567.3,21.9,Grass
Sample_324,Others,True,92.3,71.9,37.7,51.5,0.9,3008.8,8.0,Flying
Sample_325,Red,False,58.2,97.2,53.8,147.8,1.3,828.8,42.0,Fire
Sample_326,Blue,False,69.4,78.0,70.3,102.1,0.6,172.2,19.9,Water
Sample_327,Green,False,48.9,65.0,86.1,135.1,1.7,818.9,26.6,Grass
Sample_328,Green,True,89.9,72.9,35.5,61.2,1.1,2398.4,12.2,Flying
Sample_329,Others,False,73.1,88.4,33.1,67.6,0.5,1529.8,41.4,Fire
Sample_330,Others,False,57.1,60.8,80.5,119.0,0.9,102.9,13.5,Water
Sample_331,Others,False,50.8,62.3,77.1,107.3,1.1,717.9,24.0,Grass
Sample_332,Blue,True,92.8,64.4,43.1,45.8,0.7,2042.2,14.4,Flying
Sample_333,Red,False,61.8,81.1,67.7,102.1,1.3,594.0,40.0,Fire
Sample_334,Blue,False,82.0,70.7,65.5,112.7,1.5,326.9,19.4,Water
Sample_335,Green,False,59.5,73.2,93.8,137.7,1.1,437.3,25.5,Grass
Sample_336,Green,False,103.2,76.9,37.5,77.4,1.4,3475.2,-2.1,Flying
Sample_337,Red,False,74.7,98.3,60.5,178.4,1.7,972.7,39.3,Fire
Sample_338,Blue,False,71.2,69.9,78.5,98.6,0.8,140.8,16.8,Water
Sample_339,Green,False,44.9,57.9,89.6,116.4,1.9,851.2,27.9,Grass
Sample_340,Red,True,89.9,81.0,39.0,73.7,1.0,1743.3,21.3,Flying
Sample_341,Others,False,77.3,93.8,40.2,69.1,0.7,1239.4,37.9,Fire
Sample_342,Others,False,61.0,67.7,78.0,111.7,1.6,106.8,15.6,Water
Sample_343,Others,False,45.7,58.0,86.5,110.0,1.4,775.2,22.6,Grass
Sample_344,Blue,True,89.0,69.5,38.6,55.6,0.9,2778.3,10.1,Flying
Sample_345,Red,False,62.3,91.1,61.5,134.7,1.3,962.2,37.8,Fire
Sample_346,Blue,False,72.4,70.5,71.3,105.7,1.0,237.4,20.4,Water
Sample_347,Green,False,50.4,69.4,90.3,141.4,1.7,546.7,24.2,Grass
Sample_348,Others,True,92.1,75.0,35.0,58.9,1.1,3068.0,12.7,Flying
Sample_349,Green,True,58.7,61.7,73.1,79.8,1.5,109.5,30.7,Grass
Sample_350,Blue,False,85.8,82.9,54.3,92.6,0.8,52.3,24.4,Water
Sample_351,Red,False,68.6,83.7,37.3,133.6,1.0,1172.7,39.2,Fire
Sample_352,Green,False,61.5,65.9,71.5,90.5,0.9,150.4,19.1,Water
Sample_353,Green,False,44.5,55.4,76.0,110.9,1.3,541.3,23.0,Grass
Sample_354,Others,True,81.3,70.5,36.7,44.2,0.6,2359.8,5.0,Flying
Sample_355,Red,False,66.6,91.9,57.4,159.5,1.6,877.5,37.7,Fire
Sample_356,Others,False,65.7,71.1,65.5,92.3,0.8,301.9,17.3,Water
Sample_357,Green,False,34.5,55.6,86.7,141.1,1.8,804.3,25.0,Grass
Sample_358,Red,True,84.7,81.4,45.9,54.5,0.7,1781.4,12.9,Flying
Sample_359,Others,False,82.5,88.8,28.2,47.7,0.4,1519.8,42.0,Fire
Sample_360,Blue,False,52.9,58.3,81.8,125.3,1.2,82.6,12.7,Water
Sample_361,Others,False,54.4,70.3,75.8,91.9,1.0,678.8,21.0,Grass
Sample_362,Blue,True,88.1,68.3,40.5,48.1,0.8,2253.1,9.7,Flying
Sample_363,Red,False,63.1,88.9,67.0,104.0,0.9,699.6,36.2,Fire
Sample_364,Blue,False,79.4,71.9,75.1,108.6,1.1,230.2,19.5,Water
Sample_365,Green,False,63.7,75.2,92.9,126.4,1.3,423.9,23.2,Grass
Sample_366,Green,True,92.9,71.2,35.5,56.9,1.0,3112.1,14.9,Flying
Sample_367,Others,False,65.8,95.9,50.5,174.5,1.8,1039.2,42.7,Fire
Sample_368,Others,False,65.0,68.4,73.0,94.4,0.6,123.2,14.1,Water
Sample_369,Others,False,40.6,51.3,94.2,112.8,1.6,735.5,21.6,Grass
Sample_370,Others,True,88.3,81.9,42.8,70.2,1.2,1490.7,27.1,Flying
Sample_371,Red,False,75.2,82.3,42.8,105.8,1.0,1330.2,37.7,Fire
Sample_372,Blue,False,62.4,60.0,74.7,93.1,1.3,204.3,17.1,Water
Sample_373,Green,False,46.3,57.0,93.1,121.6,1.4,581.8,22.5,Grass
Sample_374,Others,True,94.9,76.6,36.5,51.8,0.9,2937.7,8.0,Flying
Sample_375,Red,False,67.7,87.6,50.4,138.9,1.4,870.6,38.4,Fire
Sample_376,Blue,False,70.6,63.8,69.0,96.7,0.6,175.9,17.9,Water
Sample_377,Green,False,41.9,61.0,86.1,135.4,1.5,749.7,24.7,Grass
Sample_378,Green,True,99.6,67.4,40.4,69.0,1.2,2501.1,11.8,Flying
Sample_379,Blue,False,89.9,91.5,39.1,58.7,0.5,1778.4,43.0,Fire
Sample_380,Others,False,56.9,61.4,76.2,111.3,1.0,103.3,12.8,Water
Sample_381,Others,False,52.7,69.4,85.2,90.3,1.2,699.9,23.4,Grass
Sample_382,Blue,True,81.3,66.8,45.5,49.7,0.7,1856.2,14.5,Flying
Sample_383,Red,False,62.1,78.9,62.3,107.7,1.2,617.2,35.0,Fire
Sample_384,Blue,False,76.8,70.1,63.3,105.1,1.5,315.1,20.8,Water
Sample_385,Green,False,60.2,73.4,99.2,141.2,1.0,459.7,24.6,Grass
Sample_386,Others,False,93.9,77.1,35.9,77.5,1.3,3056.9,-2.2,Flying
Sample_387,Red,False,70.9,94.9,61.2,162.4,1.6,1001.6,36.7,Fire
Sample_388,Blue,False,67.5,71.6,76.4,89.9,0.8,149.0,17.6,Water
Sample_389,Blue,False,45.6,59.4,92.1,128.5,2.0,875.9,28.7,Grass
Sample_390,Red,True,94.9,78.2,40.3,66.6,1.0,1540.9,20.6,Flying
Sample_391,Others,False,75.9,85.7,40.4,74.1,0.8,1324.9,38.1,Fire
Sample_392,Others,False,64.5,70.2,75.0,111.4,1.6,111.5,14.4,Water
Sample_393,Others,False,43.8,59.8,82.2,125.7,1.3,757.7,25.5,Grass
Sample_394,Blue,True,88.9,63.1,38.2,56.8,0.9,2617.8,10.1,Flying
Sample_395,Red,False,63.4,96.5,57.4,141.3,1.4,929.8,34.3,Fire
Sample_396,Blue,False,70.8,72.4,66.9,106.0,1.0,220.4,18.5,Water
Sample_397,Green,False,49.2,71.9,100.3,131.4,1.6,582.0,24.8,Grass
Sample_398,Blue,True,96.5,74.1,39.2,69.9,1.2,2947.6,11.8,Flying
Sample_399,Green,True,58.9,68.5,64.9,83.5,1.6,103.0,28.6,Grass
Sample_400,Blue,False,87.7,77.6,61.6,100.3,0.9,54.1,23.9,Water
Sample_401,Red,False,70.1,85.6,35.9,137.5,1.1,1201.7,40.6,Fire
Sample_402,Blue,False,61.8,64.8,81.5,94.3,0.9,150.6,18.3,Water
Sample_403,Green,False,42.9,50.4,95.8,111.6,1.3,518.2,20.8,Grass
Sample_404,Others,True,92.1,68.7,36.7,40.2,0.6,2582.8,5.1,Flying
Sample_405,Red,False,61.8,94.0,56.2,156.3,1.5,849.2,37.8,Fire
Sample_406,Others,False,75.1,72.2,61.8,85.1,0.7,297.5,15.5,Water
Sample_407,Green,False,35.3,57.7,91.5,150.2,1.8,880.8,24.0,Grass
Sample_408,Red,True,82.6,84.5,43.0,52.9,0.7,1961.9,12.4,Flying
Sample_409,Others,False,77.1,89.8,28.7,48.5,0.4,1462.1,40.4,Fire
Sample_410,Blue,False,48.5,57.8,76.0,118.7,1.2,77.7,11.9,Water
Sample_411,Others,False,50.2,68.0,71.2,101.4,1.0,602.4,18.9,Grass
Sample_412,Blue,True,101.1,65.2,40.8,49.3,0.8,2251.1,10.6,Flying
Sample_413,Red,False,59.6,88.7,69.0,89.9,0.9,729.7,33.6,Fire
Sample_414,Blue,False,80.1,72.8,68.1,105.8,1.1,252.3,19.5,Water
Sample_415,Green,False,57.0,73.5,95.7,126.3,1.4,395.8,22.7,Grass
Sample_416,Green,True,99.7,66.2,39.5,61.2,1.1,2894.2,15.1,Flying
Sample_417,Others,False,71.5,97.2,52.0,153.7,1.8,1136.0,40.6,Fire
Sample_418,Red,False,68.6,66.9,75.0,97.1,0.7,127.5,15.2,Water
Sample_419,Others,False,38.9,57.4,90.3,123.9,1.6,636.9,23.8,Grass
Sample_420,Red,True,92.1,83.2,46.6,65.6,1.2,1487.5,26.0,Flying
Sample_421,Red,False,65.3,83.9,48.4,120.0,1.1,1437.8,35.5,Fire
Sample_422,Blue,False,61.9,60.1,73.9,100.2,1.4,193.2,15.9,Water
Sample_423,Green,False,48.6,62.7,93.5,113.7,1.6,641.1,25.3,Grass
Sample_424,Others,True,83.8,70.1,34.5,53.9,0.8,2738.5,8.4,Flying
Sample_425,Red,False,68.6,103.9,51.7,146.5,1.5,861.9,40.0,Fire
Sample_426,Blue,False,68.3,68.0,67.6,97.4,0.6,181.2,19.7,Water
Sample_427,Green,False,39.7,62.0,84.8,123.7,1.7,765.5,27.8,Grass
Sample_428,Red,True,90.8,69.8,42.1,67.3,1.1,2440.7,10.7,Flying
Sample_429,Others,False,79.5,92.4,35.0,59.8,0.5,1588.7,40.5,Fire
Sample_430,Others,False,61.1,59.3,85.9,124.0,1.0,97.9,14.3,Water
Sample_431,Others,False,48.5,69.5,77.9,106.5,1.1,735.0,24.7,Grass
Sample_432,Blue,True,94.9,64.9,43.9,54.0,0.7,1966.3,14.0,Flying
Sample_433,Red,False,63.8,91.4,60.3,106.9,1.3,633.6,36.2,Fire
Sample_434,Blue,False,82.3,69.6,64.0,109.8,1.4,315.5,21.3,Water
Sample_435,Green,False,63.0,72.4,104.1,143.2,1.0,425.2,25.5,Grass
Sample_436,Others,False,102.3,77.7,33.5,74.5,1.3,3267.4,-2.1,Flying
Sample_437,Red,False,71.1,98.7,59.1,174.6,1.6,1024.1,41.6,Fire
Sample_438,Blue,False,69.9,69.7,71.5,110.0,0.8,140.0,16.1,Water
Sample_439,Green,False,47.2,60.4,94.6,119.5,2.0,838.5,28.5,Grass
Sample_440,Red,True,94.7,88.8,43.3,70.3,1.0,1668.2,19.9,Flying
Sample_441,Others,False,79.7,87.3,42.5,72.9,0.8,1353.8,41.4,Fire
Sample_442,Others,False,61.5,60.8,79.2,110.1,1.6,106.2,16.0,Water
Sample_443,Others,False,44.0,61.3,85.0,124.1,1.4,775.6,25.7,Grass
Sample_444,Blue,True,93.8,70.2,36.5,58.1,0.9,2709.2,10.2,Flying
Sample_445,Red,False,55.6,92.5,55.7,144.2,1.1,1016.1,36.9,Fire
Sample_446,Blue,False,73.8,70.8,69.1,93.9,1.0,208.8,20.5,Water
Sample_447,Green,False,52.2,65.6,100.2,132.1,1.5,519.8,25.1,Grass
Sample_448,Others,True,101.5,75.2,34.4,64.2,1.2,2998.6,13.8,Flying
Sample_449,Green,True,60.5,61.6,69.6,85.1,1.5,103.5,28.5,Grass
Sample_450,Blue,False,90.0,83.7,61.2,88.9,0.8,51.4,24.5,Water
Sample_451,Red,False,81.3,81.0,37.7,124.2,1.1,1296.7,40.7,Fire
Sample_452,Red,False,63.1,64.8,73.3,86.7,0.9,148.7,18.3,Water
Sample_453,Green,False,45.5,51.6,88.2,120.2,1.2,489.8,23.7,Grass
Sample_454,Others,True,97.0,71.6,35.1,40.9,0.6,2398.6,5.1,Flying
Sample_455,Red,False,66.1,96.0,57.6,143.5,1.5,985.2,37.7,Fire
Sample_456,Others,False,66.7,78.4,56.8,91.8,0.8,293.6,16.4,Water
Sample_457,Green,False,37.1,62.8,81.3,137.2,1.7,811.0,23.3,Grass
Sample_458,Red,True,97.4,77.6,47.2,51.9,0.7,1726.5,12.8,Flying
Sample_459,Others,False,88.9,96.3,33.2,53.0,0.4,1511.8,40.7,Fire
Sample_460,Blue,False,53.0,58.9,76.0,114.1,1.2,80.2,12.9,Water
Sample_461,Others,False,50.0,63.2,73.7,89.7,1.0,675.6,19.3,Grass
Sample_462,Blue,True,94.7,63.5,34.8,49.4,0.8,2252.4,11.6,Flying
Sample_463,Red,False,55.3,85.4,65.7,87.1,0.9,787.1,34.4,Fire
Sample_464,Blue,False,75.5,65.4,71.0,106.7,1.1,241.6,20.9,Water
Sample_465,Green,False,60.6,66.5,92.4,132.8,1.4,424.2,24.6,Grass
Sample_466,Green,True,100.9,76.0,38.5,56.3,1.0,3105.0,15.6,Flying
Sample_467,Others,False,71.3,100.1,47.5,167.7,1.7,1114.3,41.7,Fire
Sample_468,Green,False,71.8,67.7,72.8,88.6,0.7,107.6,13.4,Water
Sample_469,Others,False,36.7,52.9,86.3,139.2,1.5,709.3,20.6,Grass
Sample_470,Red,True,90.6,81.9,44.2,70.2,1.1,1441.2,23.9,Flying
Sample_471,Red,False,76.5,85.3,43.6,117.1,1.0,1265.7,35.7,Fire
Sample_472,Red,False,62.3,54.6,75.0,101.9,1.3,185.4,17.0,Water
Sample_473,Others,False,44.5,58.3,89.8,115.8,1.6,573.4,25.7,Grass
Sample_474,Others,True,90.8,67.7,36.1,52.8,0.9,2862.6,8.6,Flying
Sample_475,Red,False,62.9,90.9,51.9,159.7,1.4,835.3,42.3,Fire
Sample_476,Blue,False,67.2,70.0,63.7,108.5,0.6,186.3,18.5,Water
Sample_477,Green,False,40.1,54.6,89.2,128.9,1.7,740.0,26.3,Grass
Sample_478,Green,True,99.1,66.7,38.5,64.7,1.1,2167.5,11.9,Flying
Sample_479,Others,False,79.5,89.0,33.8,59.3,0.5,1567.7,45.8,Fire
Sample_480,Others,False,53.5,64.4,76.1,112.5,1.0,94.0,14.8,Water
Sample_481,Others,False,49.9,69.1,75.9,105.7,1.2,658.8,22.6,Grass
Sample_482,Blue,True,92.5,66.9,43.5,54.1,0.7,2026.1,14.8,Flying
Sample_483,Red,False,61.9,79.5,62.8,103.9,1.4,561.0,33.4,Fire
Sample_484,Blue,False,79.7,72.1,64.5,108.3,1.4,305.0,22.9,Water
Sample_485,Green,False,66.5,74.5,103.4,136.8,1.1,427.2,23.3,Grass
Sample_486,Others,False,96.1,75.3,36.5,77.9,1.2,2867.6,-2.1,Flying
Sample_487,Red,False,66.0,89.1,60.8,175.7,1.4,956.5,44.0,Fire
Sample_488,Blue,False,66.0,74.7,66.8,105.4,0.8,139.8,17.3,Water
Sample_489,Green,False,46.2,65.2,99.0,116.3,1.9,847.3,28.6,Grass
Sample_490,Red,True,103.6,76.5,42.0,71.5,1.0,1738.4,21.0,Flying
Sample_491,Others,False,72.0,82.0,39.0,73.3,0.7,1373.8,38.8,Fire
Sample_492,Others,False,60.9,67.9,77.6,106.3,1.4,112.0,14.8,Water
Sample_493,Others,False,41.4,58.3,87.2,115.4,1.5,785.2,22.8,Grass
Sample_494,Blue,True,87.9,72.0,38.8,60.9,0.9,2735.2,8.9,Flying
Sample_495,Red,False,65.4,92.9,62.6,131.1,1.2,926.9,37.3,Fire
Sample_496,Blue,False,70.6,78.5,69.6,102.0,1.1,219.4,18.1,Water
Sample_497,Green,False,48.4,67.9,97.6,131.1,1.4,522.3,24.7,Grass
Sample_498,Others,True,100.1,69.7,33.4,65.5,1.2,2778.4,13.5,Flying
Sample_499,Green,True,65.0,57.0,64.3,76.3,1.5,101.6,30.0,Grass
Sample_500,Blue,False,73.9,77.8,66.1,87.2,0.9,46.5,22.8,Water
Sample_501,Red,False,68.4,89.6,38.9,129.0,1.1,1219.3,40.2,Fire
Sample_502,Blue,False,64.6,62.9,81.1,92.1,0.9,137.0,19.5,Water
Sample_503,Green,False,45.4,51.5,98.6,108.6,1.3,466.0,24.1,Grass
Sample_504,Others,True,95.1,70.3,35.5,43.0,0.6,2549.3,5.2,Flying
Sample_505,Red,False,57.6,102.7,45.9,158.0,1.5,884.3,39.7,Fire
Sample_506,Others,False,75.4,76.5,57.6,87.7,0.8,295.6,16.1,Water
Sample_507,Green,False,37.8,60.2,85.1,135.0,1.8,753.4,24.9,Grass
Sample_508,Red,True,97.2,85.1,45.1,55.5,0.7,1736.5,13.7,Flying
Sample_509,Others,False,88.3,88.9,32.4,52.0,0.4,1558.6,41.2,Fire
Sample_510,Blue,False,54.9,58.6,78.1,126.6,1.2,79.8,12.3,Water
Sample_511,Others,False,49.3,66.3,77.2,100.4,1.0,641.7,20.8,Grass
Sample_512,Others,True,96.6,65.4,37.3,52.4,0.8,2076.0,11.4,Flying
Sample_513,Green,False,56.4,90.3,66.3,104.8,1.0,683.0,36.1,Fire
Sample_514,Blue,False,74.2,72.2,68.2,112.8,1.1,247.2,19.4,Water
Sample_515,Green,False,59.3,77.9,93.6,128.5,1.4,396.8,22.9,Grass
Sample_516,Green,True,92.4,69.2,33.6,61.7,1.1,3294.9,16.3,Flying
Sample_517,Others,False,69.0,103.2,47.3,171.5,1.7,1167.5,40.0,Fire
Sample_518,Red,False,69.0,69.6,69.7,95.8,0.6,129.2,15.3,Water
Sample_519,Others,False,39.4,51.5,82.1,130.2,1.7,711.8,23.6,Grass
Sample_520,Red,True,92.1,83.9,43.4,66.0,1.3,1535.0,24.3,Flying
Sample_521,Green,False,72.3,77.8,43.1,119.7,1.1,1342.9,39.8,Fire
Sample_522,Blue,False,72.1,58.4,71.1,108.3,1.3,208.0,16.1,Water
Sample_523,Green,False,46.3,56.9,91.5,126.9,1.5,602.3,23.6,Grass
Sample_524,Others,True,88.7,77.5,33.7,53.0,0.9,2226.7,7.9,Flying
Sample_525,Red,False,66.6,92.1,46.9,153.9,1.3,831.7,36.7,Fire
Sample_526,Blue,False,70.3,73.0,65.5,93.6,0.6,183.1,18.2,Water
Sample_527,Green,False,41.9,59.0,88.2,122.2,1.6,722.9,27.7,Grass
Sample_528,Green,True,98.7,65.3,41.4,65.8,1.0,2229.4,11.6,Flying
Sample_529,Others,False,72.5,84.7,34.3,54.9,0.5,1569.3,43.3,Fire
Sample_530,Others,False,57.5,61.0,83.1,116.8,0.9,89.3,12.4,Water
Sample_531,Others,False,53.1,67.2,73.2,98.9,1.2,645.6,23.0,Grass
Sample_532,Blue,True,88.5,63.3,45.1,47.5,0.8,1953.4,13.5,Flying
Sample_533,Red,False,60.6,85.9,67.7,101.6,1.3,567.2,37.9,Fire
Sample_534,Blue,False,79.6,74.3,67.1,109.6,1.4,312.1,19.9,Water
Sample_535,Green,False,59.5,67.9,95.6,146.4,1.1,406.4,24.3,Grass
Sample_536,Others,False,101.0,79.3,34.5,83.7,1.3,3017.9,-2.1,Flying
Sample_537,Red,False,68.7,97.9,57.0,164.3,1.6,1021.6,42.9,Fire
Sample_538,Blue,False,71.1,67.2,74.9,98.0,0.8,141.0,17.7,Water
Sample_539,Green,False,45.5,65.2,91.1,127.3,1.9,854.0,25.9,Grass
Sample_540,Red,True,89.4,86.1,37.6,75.4,1.0,1707.2,20.1,Flying
Sample_541,Blue,False,75.0,87.2,42.3,71.0,0.7,1336.6,38.8,Fire
Sample_542,Green,False,65.9,70.4,71.1,111.7,1.5,110.5,14.8,Water
Sample_543,Green,False,48.1,61.3,87.1,119.1,1.3,738.3,22.5,Grass
Sample_544,Blue,True,90.7,73.8,37.8,51.0,0.9,2547.9,10.4,Flying
Sample_545,Red,False,58.8,80.8,64.0,144.9,1.2,1045.3,36.9,Fire
Sample_546,Blue,False,66.6,68.9,66.9,105.8,1.0,217.2,20.2,Water
Sample_547,Green,False,53.0,65.7,95.7,133.2,1.4,533.8,26.1,Grass
Sample_548,Others,True,95.8,85.3,36.8,66.3,1.3,2978.1,12.1,Flying
Sample_549,Green,True,63.1,60.2,71.2,78.3,1.5,104.5,28.5,Grass
Sample_550,Blue,False,89.3,77.3,59.6,90.9,0.9,48.8,25.4,Water
Sample_551,Red,False,74.4,83.4,41.2,127.0,1.1,1231.4,39.3,Fire
Sample_552,Blue,False,55.5,68.2,69.5,85.3,0.8,161.0,17.2,Water
Sample_553,Green,False,46.0,51.8,89.1,111.4,1.4,516.6,22.2,Grass
Sample_554,Others,True,92.5,69.1,35.0,40.8,0.6,2517.8,5.1,Flying
Sample_555,Red,False,62.5,100.5,59.9,161.1,1.5,983.5,36.0,Fire
Sample_556,Others,False,72.9,70.2,61.6,84.7,0.8,285.4,15.2,Water
Sample_557,Blue,False,34.4,63.0,90.0,135.9,2.0,701.2,26.2,Grass
Sample_558,Red,True,86.9,80.2,47.4,58.5,0.7,1938.3,12.8,Flying
Sample_559,Others,False,74.9,90.2,28.2,46.5,0.4,1555.1,39.8,Fire
Sample_560,Blue,False,53.1,57.9,80.4,119.8,1.2,80.1,12.3,Water
Sample_561,Others,False,49.9,69.5,81.1,90.0,1.1,664.4,20.9,Grass
Sample_562,Blue,True,100.1,58.6,38.5,47.9,0.8,2191.8,11.2,Flying
Sample_563,Red,False,53.5,84.9,59.5,105.9,0.9,767.8,35.8,Fire
Sample_564,Blue,False,72.9,72.5,67.9,100.9,1.2,230.3,20.3,Water
Sample_565,Green,False,59.9,73.9,104.8,135.0,1.5,418.6,22.0,Grass
Sample_566,Green,True,97.9,73.3,36.5,54.2,1.0,2859.7,15.4,Flying
Sample_567,Others,False,66.9,95.8,52.3,165.4,1.7,1097.9,38.9,Fire
Sample_568,Others,False,63.4,70.6,67.8,93.4,0.6,119.3,13.3,Water
Sample_569,Others,False,40.5,54.6,85.9,129.2,1.6,722.5,21.5,Grass
Sample_570,Red,True,87.5,89.2,40.3,75.6,1.3,1551.5,25.5,Flying
Sample_571,Red,True,71.3,76.8,45.8,118.0,1.0,1394.9,36.2,Fire
Sample_572,Blue,False,68.8,57.9,75.9,90.9,1.3,194.0,15.7,Water
Sample_573,Others,False,49.6,55.6,91.3,124.4,1.5,607.8,23.2,Grass
Sample_574,Others,True,92.6,72.5,35.7,54.9,0.9,2599.2,7.8,Flying
Sample_575,Red,False,61.2,88.6,51.0,154.7,1.4,820.1,41.7,Fire
Sample_576,Red,False,67.6,80.6,66.3,94.8,0.6,179.4,19.2,Water
Sample_577,Green,False,39.9,66.5,89.4,132.2,1.8,755.9,25.7,Grass
Sample_578,Green,True,98.6,67.9,41.7,67.8,1.1,2311.2,11.0,Flying
Sample_579,Others,False,81.8,85.7,33.4,62.6,0.5,1600.4,39.4,Fire
Sample_580,Others,False,54.1,66.0,79.0,115.1,1.0,98.6,13.8,Water
Sample_581,Others,False,50.0,68.7,82.6,100.1,1.2,716.8,22.1,Grass
Sample_582,Blue,True,90.9,65.6,44.4,48.0,0.7,2096.8,14.1,Flying
Sample_583,Blue,False,60.1,81.7,66.9,101.3,1.3,591.9,36.8,Fire
Sample_584,Blue,False,72.8,74.5,73.4,106.0,1.5,304.6,21.5,Water
Sample_585,Green,False,62.1,71.1,101.1,137.3,1.2,469.0,25.7,Grass
Sample_586,Others,False,108.0,77.4,37.1,81.0,1.2,3063.2,-2.2,Flying
Sample_587,Blue,False,66.4,103.4,60.5,167.7,1.6,962.7,40.7,Fire
Sample_588,Blue,False,67.6,71.2,72.0,97.0,0.9,146.6,16.9,Water
Sample_589,Green,False,43.0,59.3,98.0,131.5,1.8,864.6,26.7,Grass
Sample_590,Red,True,99.2,89.0,37.4,60.6,1.0,1813.1,20.0,Flying
Sample_591,Others,False,72.4,90.8,41.9,71.8,0.7,1435.6,38.8,Fire
Sample_592,Green,False,57.8,67.6,75.0,110.8,1.5,116.3,13.8,Water
Sample_593,Others,False,45.0,62.0,79.7,111.5,1.4,723.8,23.4,Grass
Sample_594,Blue,True,92.8,69.7,39.5,47.8,0.9,2557.6,10.0,Flying
Sample_595,Red,False,63.3,89.5,59.7,133.5,1.1,962.1,32.3,Fire
Sample_596,Blue,False,75.4,65.8,73.3,106.4,1.0,238.7,18.4,Water
Sample_597,Green,False,55.9,64.6,93.8,141.0,1.5,579.2,25.9,Grass
Sample_598,Others,True,99.3,77.7,37.3,61.5,1.3,2956.2,13.1,Flying
Sample_599,Green,True,60.0,56.1,68.5,77.1,1.6,100.0,31.2,Grass
Sample_600,Blue,False,85.0,80.5,62.5,85.3,0.8,54.5,26.1,Water
Sample_601,Red,False,66.9,89.6,38.0,127.4,1.1,1169.6,42.0,Fire
Sample_602,Blue,False,57.4,66.9,72.1,94.5,0.9,156.4,17.7,Water
Sample_603,Green,False,46.0,52.1,91.1,107.5,1.4,462.6,21.9,Grass
Sample_604,Others,True,92.6,73.4,31.9,42.3,0.6,2651.9,5.2,Flying
Sample_605,Red,False,59.3,94.6,59.5,158.9,1.3,900.3,38.5,Fire
Sample_606,Others,False,72.0,71.8,57.2,85.7,0.9,309.9,15.0,Water
Sample_607,Green,False,35.8,58.3,88.6,130.3,1.7,807.2,23.9,Grass
Sample_608,Red,True,92.9,77.7,43.6,58.6,0.6,1873.2,12.6,Flying
Sample_609,Blue,False,77.9,93.3,26.7,50.9,0.4,1554.1,39.1,Fire
Sample_610,Blue,False,57.0,61.4,87.4,122.6,1.1,76.4,12.7,Water
Sample_611,Others,False,46.1,62.4,78.4,94.9,1.1,641.7,20.0,Grass
Sample_612,Blue,True,102.0,66.2,39.9,46.7,0.8,2219.7,10.5,Flying
Sample_613,Red,False,63.6,85.2,60.4,97.8,0.9,726.6,35.9,Fire
Sample_614,Blue,False,72.3,68.4,71.0,101.1,1.0,277.7,20.1,Water
Sample_615,Green,False,62.6,74.2,101.8,136.2,1.5,376.6,22.4,Grass
Sample_616,Green,True,93.8,72.1,41.8,59.8,1.0,2974.7,14.9,Flying
Sample_617,Others,False,62.1,100.0,49.2,174.5,1.7,1099.8,41.7,Fire
Sample_618,Others,False,61.5,69.9,73.8,91.7,0.6,128.9,14.3,Water
Sample_619,Others,False,41.6,59.0,93.3,131.8,1.7,698.1,22.6,Grass
Sample_620,Red,True,82.4,82.6,40.3,66.3,1.2,1469.0,26.5,Flying
Sample_621,Red,False,72.4,81.1,44.2,122.7,1.0,1349.8,34.3,Fire
Sample_622,Blue,False,70.3,61.6,81.8,100.4,1.3,195.4,16.5,Water
Sample_623,Green,False,44.9,58.3,86.5,117.5,1.4,590.8,25.1,Grass
Sample_624,Others,True,85.9,74.0,35.7,49.6,0.9,2699.2,7.4,Flying
Sample_625,Red,False,67.7,87.7,50.4,154.7,1.4,817.7,40.8,Fire
Sample_626,Others,False,71.7,64.9,73.4,94.2,0.6,178.2,18.2,Water
Sample_627,Green,False,44.5,60.4,81.6,123.0,1.8,701.6,25.0,Grass
Sample_628,Green,True,92.8,70.8,37.2,64.5,1.2,2357.7,11.7,Flying
Sample_629,Others,False,82.0,91.4,34.1,63.3,0.5,1644.6,42.3,Fire
Sample_630,Others,False,58.1,62.6,82.0,123.3,1.1,93.5,13.3,Water
Sample_631,Others,False,50.0,71.7,69.9,94.8,1.2,690.4,22.2,Grass
Sample_632,Blue,True,91.2,64.1,38.4,47.4,0.7,2078.3,13.7,Flying
Sample_633,Red,False,62.0,80.3,66.6,108.5,1.2,564.2,36.2,Fire
Sample_634,Blue,False,80.9,78.9,62.0,107.7,1.5,294.4,21.7,Water
Sample_635,Green,False,57.1,68.4,102.2,131.5,1.1,435.6,24.6,Grass
Sample_636,Others,False,97.4,85.0,33.9,70.6,1.3,3032.9,-1.9,Flying
Sample_637,Red,False,70.8,88.1,60.3,169.0,1.6,1014.2,38.9,Fire
Sample_638,Blue,False,61.8,77.6,79.4,104.8,0.8,141.0,16.5,Water
Sample_639,Green,False,45.5,59.2,85.4,120.9,1.8,814.7,27.7,Grass
Sample_640,Red,True,102.5,89.6,40.5,69.9,1.0,1822.1,22.4,Flying
Sample_641,Others,False,84.2,89.2,39.1,63.8,0.7,1401.4,41.8,Fire
Sample_642,Others,False,63.6,69.0,76.1,103.4,1.5,110.6,15.2,Water
Sample_643,Others,False,45.2,60.2,82.2,121.5,1.6,755.4,22.4,Grass
Sample_644,Blue,True,99.5,70.4,39.9,58.6,0.9,2569.7,10.0,Flying
Sample_645,Red,False,68.9,86.9,61.7,141.3,1.2,930.0,37.7,Fire
Sample_646,Blue,False,71.9,72.1,68.9,104.4,1.0,229.1,19.5,Water
Sample_647,Green,False,48.2,73.6,94.3,142.2,1.7,573.5,23.6,Grass
Sample_648,Others,True,100.5,72.4,38.8,67.2,1.3,2790.6,12.9,Flying
Sample_649,Green,True,61.6,63.5,64.7,85.8,1.6,103.4,26.1,Grass
Sample_650,Blue,False,88.6,83.4,66.6,86.3,1.0,49.5,24.1,Water
Sample_651,Red,False,74.1,81.3,38.9,129.0,1.1,1041.7,42.5,Fire
Sample_652,Blue,False,58.6,62.7,79.3,99.2,1.0,152.0,19.4,Water
Sample_653,Green,False,41.8,50.4,90.3,103.1,1.3,520.3,21.7,Grass
Sample_654,Others,True,100.3,69.1,33.0,40.6,0.7,2372.1,5.3,Flying
Sample_655,Red,False,62.0,92.8,57.3,154.3,1.5,885.0,38.2,Fire
Sample_656,Others,False,67.8,79.1,64.0,86.2,0.8,321.1,15.9,Water
Sample_657,Green,False,34.6,60.2,84.8,127.2,1.7,811.9,23.2,Grass
Sample_658,Red,True,90.9,82.3,44.3,56.9,0.7,1849.3,12.3,Flying
Sample_659,Others,False,76.6,95.2,30.9,51.1,0.4,1478.3,40.7,Fire
Sample_660,Blue,False,58.2,61.1,78.6,118.1,1.2,82.9,12.8,Water
Sample_661,Others,False,47.7,64.6,73.1,101.2,1.0,620.9,21.1,Grass
Sample_662,Blue,True,87.8,67.2,38.5,47.0,0.8,2309.5,11.1,Flying
Sample_663,Blue,False,60.8,92.9,56.5,104.1,0.9,701.0,34.8,Fire
Sample_664,Green,False,74.8,66.0,66.6,99.5,1.2,244.4,20.7,Water
Sample_665,Green,False,61.5,78.6,98.2,127.5,1.4,372.1,23.6,Grass
Sample_666,Green,True,101.3,70.6,38.2,55.1,1.0,3055.1,15.4,Flying
Sample_667,Blue,False,74.0,105.7,50.8,161.9,1.6,1089.9,41.1,Fire
Sample_668,Others,False,63.0,62.9,69.4,93.7,0.7,118.6,14.7,Water
Sample_669,Others,False,38.4,56.0,89.7,107.1,1.6,711.6,21.9,Grass
Sample_670,Red,True,89.4,88.0,42.5,63.9,1.2,1509.9,23.7,Flying
Sample_671,Red,True,68.8,75.3,44.7,118.6,1.0,1414.0,33.9,Fire
Sample_672,Blue,False,54.8,55.3,79.9,103.7,1.4,192.3,17.6,Water
Sample_673,Green,False,47.2,55.9,87.1,121.1,1.5,589.7,24.6,Grass
Sample_674,Others,True,94.6,82.7,38.3,50.0,0.9,2754.1,8.5,Flying
Sample_675,Red,False,65.9,91.8,54.0,136.4,1.4,832.5,37.2,Fire
Sample_676,Blue,False,65.0,72.2,63.6,94.6,0.6,181.4,18.8,Water
Sample_677,Green,False,44.0,67.2,89.2,133.3,1.6,738.2,24.6,Grass
Sample_678,Green,True,91.9,68.2,35.4,69.1,1.2,2456.1,11.1,Flying
Sample_679,Others,False,78.9,87.6,36.7,66.4,0.5,1591.1,44.3,Fire
Sample_680,Others,False,54.1,61.7,81.8,115.8,1.0,87.4,13.3,Water
Sample_681,Others,False,49.0,67.1,79.0,98.6,1.3,789.5,22.6,Grass
Sample_682,Blue,True,96.1,58.2,47.7,48.2,0.7,2084.3,13.6,Flying
Sample_683,Red,False,60.7,90.4,66.1,105.9,1.3,592.3,35.6,Fire
Sample_684,Blue,False,77.6,73.1,64.5,106.0,1.5,292.8,19.9,Water
Sample_685,Green,False,57.7,72.8,108.9,137.2,1.1,446.8,25.6,Grass
Sample_686,Others,False,104.2,80.0,37.0,75.7,1.2,3305.3,-2.1,Flying
Sample_687,Red,False,66.3,94.6,60.5,172.1,1.6,969.9,38.5,Fire
Sample_688,Blue,False,68.1,70.2,72.6,88.0,0.8,140.9,16.6,Water
Sample_689,Green,False,42.8,58.6,92.4,123.6,1.8,963.2,26.6,Grass
Sample_690,Others,True,96.6,84.2,42.7,69.2,1.0,1586.8,21.7,Flying
Sample_691,Others,False,72.0,84.0,41.8,78.0,0.7,1217.7,37.3,Fire
Sample_692,Others,False,63.2,63.1,80.3,106.5,1.5,111.7,15.0,Water
Sample_693,Others,False,48.4,62.3,78.5,122.5,1.3,751.4,22.0,Grass
Sample_694,Blue,True,100.9,71.8,41.7,55.3,1.0,2443.2,10.1,Flying
Sample_695,Red,False,63.4,91.3,56.2,151.0,1.2,1014.1,36.7,Fire
Sample_696,Blue,False,68.6,80.7,67.4,101.9,1.0,222.5,20.4,Water
Sample_697,Green,False,46.9,65.2,93.3,141.3,1.7,537.1,24.1,Grass
Sample_698,Others,True,107.9,79.4,38.9,62.8,1.1,2742.3,12.5,Flying
Sample_699,Green,True,63.8,63.0,77.3,73.3,1.6,97.4,32.3,Grass
Sample_700,Blue,False,80.5,78.1,55.3,95.3,0.9,49.0,26.0,Water
Sample_701,Red,False,73.7,81.2,39.0,137.2,1.1,1102.9,39.8,Fire
Sample_702,Blue,False,62.6,65.2,75.7,96.0,1.0,144.0,19.2,Water
Sample_703,Green,False,45.3,52.8,82.6,108.5,1.3,472.8,22.9,Grass
Sample_704,Others,True,89.6,73.0,34.7,41.3,0.6,2357.4,5.3,Flying
Sample_705,Red,False,67.0,99.1,56.8,161.9,1.5,954.5,40.9,Fire
Sample_706,Others,False,67.5,73.5,60.0,81.6,0.7,288.1,14.4,Water
Sample_707,Green,False,33.0,63.6,81.8,140.0,1.6,772.3,23.7,Grass
Sample_708,Red,True,80.3,81.0,43.2,59.6,0.7,1747.7,12.7,Flying
Sample_709,Others,False,76.0,86.7,32.2,52.2,0.5,1567.3,38.8,Fire
Sample_710,Blue,False,58.5,60.4,85.9,118.7,1.3,83.5,12.2,Water
Sample_711,Others,False,55.4,67.1,77.2,94.0,1.0,661.9,20.3,Grass
Sample_712,Blue,True,90.8,59.4,37.6,48.3,0.8,2177.6,10.0,Flying
Sample_713,Red,False,61.3,90.3,66.5,100.2,0.9,696.3,36.8,Fire
Sample_714,Blue,False,75.1,61.0,65.3,114.0,1.1,264.2,19.7,Water
Sample_715,Green,False,59.5,74.6,83.3,126.1,1.4,356.4,23.8,Grass
Sample_716,Green,True,105.3,76.2,38.5,59.0,1.0,3068.1,15.3,Flying
Sample_717,Others,False,67.2,104.6,50.0,173.8,1.6,1056.4,39.9,Fire
Sample_718,Others,False,62.5,67.7,69.4,90.4,0.7,130.6,14.3,Water
Sample_719,Others,False,37.0,54.6,99.5,129.4,1.6,677.7,20.4,Grass
Sample_720,Red,True,95.6,85.0,39.9,67.0,1.2,1509.5,25.2,Flying
Sample_721,Red,False,70.9,83.3,45.6,113.3,1.0,1393.7,37.8,Fire
Sample_722,Blue,False,64.0,58.6,78.8,89.9,1.2,203.4,17.8,Water
Sample_723,Green,False,48.3,56.8,84.1,124.5,1.4,609.5,22.2,Grass
Sample_724,Others,True,87.7,78.2,34.0,50.3,1.0,2645.5,7.8,Flying
Sample_725,Red,False,61.8,87.9,52.5,140.0,1.3,817.5,39.0,Fire
Sample_726,Blue,False,74.9,70.4,66.7,105.6,0.6,169.4,18.1,Water
Sample_727,Green,False,46.1,58.3,83.3,138.2,1.8,800.2,23.4,Grass
Sample_728,Green,True,103.3,61.8,40.6,66.9,1.2,2331.1,10.7,Flying
Sample_729,Others,False,77.7,90.5,35.8,58.8,0.5,1624.8,46.7,Fire
Sample_730,Others,False,58.6,57.5,80.1,115.6,1.0,95.4,12.9,Water
Sample_731,Others,False,53.1,64.2,79.9,108.9,1.1,718.0,22.1,Grass
Sample_732,Blue,True,90.4,59.7,41.8,47.1,0.7,1972.8,12.6,Flying
Sample_733,Red,False,59.6,85.3,70.8,92.4,1.3,582.7,37.1,Fire
Sample_734,Blue,False,75.0,73.0,65.2,112.2,1.5,284.4,22.6,Water
Sample_735,Red,False,67.1,68.3,92.0,135.6,1.2,441.2,26.0,Grass
Sample_736,Red,False,92.0,77.0,36.5,74.2,1.3,3138.8,-2.1,Flying
Sample_737,Red,False,72.4,94.3,57.9,168.6,1.5,1012.7,40.5,Fire
Sample_738,Blue,False,68.7,71.0,70.4,96.2,0.8,134.1,16.5,Water
Sample_739,Green,False,47.5,58.0,83.5,135.4,2.1,892.7,26.8,Grass
Sample_740,Red,True,98.1,78.0,37.0,68.3,1.1,1702.5,19.0,Flying
Sample_741,Others,False,67.5,88.0,38.3,71.5,0.7,1226.2,37.9,Fire
Sample_742,Others,False,61.0,62.9,77.7,113.7,1.6,116.0,15.8,Water
Sample_743,Others,False,49.3,65.3,84.9,127.5,1.4,788.9,22.3,Grass
Sample_744,Blue,True,100.8,74.9,41.0,55.8,0.9,2543.3,10.5,Flying
Sample_745,Red,False,61.5,94.4,55.4,144.6,1.1,934.4,37.8,Fire
Sample_746,Blue,False,76.7,72.2,75.9,98.7,0.9,246.4,22.1,Water
Sample_747,Green,False,50.6,66.8,92.3,126.9,1.6,559.1,24.2,Grass
Sample_748,Others,True,97.2,74.6,37.7,63.0,1.2,3094.9,14.0,Flying
Sample_749,Green,True,62.1,61.7,62.9,82.7,1.6,101.0,31.3,Grass
Sample_750,Blue,False,85.0,89.5,61.3,91.3,0.9,46.1,25.4,Water
Sample_751,Red,False,70.4,81.6,40.8,136.0,1.1,1196.6,38.9,Fire
Sample_752,Blue,False,60.9,64.0,75.7,91.9,0.9,162.7,18.4,Water
Sample_753,Green,False,47.4,53.3,83.3,112.1,1.3,523.6,22.3,Grass
Sample_754,Others,True,98.5,62.5,33.7,38.0,0.6,2242.5,5.3,Flying
Sample_755,Red,False,61.6,90.7,59.1,165.8,1.5,871.5,40.3,Fire
Sample_756,Others,False,62.2,76.0,60.7,84.4,0.8,301.2,16.3,Water
Sample_757,Green,False,35.7,55.6,82.7,141.9,1.7,753.6,26.2,Grass
Sample_758,Red,True,87.7,78.9,47.1,60.7,0.7,1781.5,13.8,Flying
Sample_759,Others,False,79.7,92.9,28.9,51.3,0.4,1420.6,40.1,Fire
Sample_760,Blue,False,54.9,59.0,84.0,118.4,1.2,81.2,11.3,Water
Sample_761,Others,False,51.8,58.8,76.4,98.9,1.0,642.1,18.4,Grass
Sample_762,Blue,True,91.3,61.9,38.1,50.1,0.8,2143.7,11.5,Flying
Sample_763,Red,False,58.4,80.3,60.0,95.4,0.9,804.9,33.0,Fire
Sample_764,Blue,False,80.6,70.4,71.6,102.8,1.1,221.0,20.0,Water
Sample_765,Others,False,59.4,70.5,94.7,134.2,1.4,392.1,23.4,Grass
Sample_766,Green,True,97.4,75.1,35.0,62.8,1.0,2930.3,15.9,Flying
Sample_767,Others,False,69.3,108.1,49.2,179.8,1.6,1131.4,41.5,Fire
Sample_768,Others,False,65.0,68.5,65.7,95.0,0.7,120.2,15.5,Water
Sample_769,Others,False,39.7,52.3,93.2,130.8,1.5,662.0,21.3,Grass
Sample_770,Green,True,82.1,83.3,44.2,74.1,1.3,1410.9,24.3,Flying
Sample_771,Red,False,66.2,71.4,43.5,110.7,0.9,1343.8,36.5,Fire
Sample_772,Blue,False,58.6,59.1,74.1,96.2,1.4,202.4,16.3,Water
Sample_773,Green,False,43.6,57.6,93.0,114.2,1.5,646.6,23.3,Grass
Sample_774,Others,True,94.6,74.9,37.3,55.9,0.9,2894.7,8.5,Flying
Sample_775,Red,False,69.0,82.4,50.1,141.8,1.5,889.2,41.2,Fire
Sample_776,Blue,False,72.7,69.0,72.8,102.9,0.6,192.0,18.4,Water
Sample_777,Green,False,40.1,64.6,91.1,135.1,1.6,722.7,24.9,Grass
Sample_778,Green,True,101.9,68.8,40.1,66.2,1.1,2410.0,11.3,Flying
Sample_779,Others,False,72.3,88.5,36.2,62.2,0.5,1729.4,44.3,Fire
Sample_780,Others,False,56.8,59.9,86.6,120.9,1.0,99.3,14.9,Water
Sample_781,Others,False,52.5,67.9,75.7,107.2,1.2,715.3,23.8,Grass
Sample_782,Blue,True,89.4,71.9,49.9,50.5,0.7,1926.8,14.9,Flying
Sample_783,Red,False,60.0,85.2,72.6,103.5,1.4,658.3,41.1,Fire
Sample_784,Blue,False,81.1,72.2,64.9,110.9,1.5,322.0,22.7,Water
Sample_785,Green,False,61.4,69.7,101.5,144.3,1.1,447.6,25.1,Grass
Sample_786,Blue,False,86.3,80.6,37.0,74.4,1.4,3176.4,-2.1,Flying
Sample_787,Red,False,70.6,96.7,60.1,164.9,1.6,966.7,40.1,Fire
Sample_788,Blue,False,65.7,71.8,77.1,89.3,0.8,158.2,17.0,Water
Sample_789,Green,False,44.2,60.9,87.4,128.6,1.9,819.6,28.5,Grass
Sample_790,Red,True,92.0,83.0,42.1,68.0,0.9,1656.8,20.0,Flying
Sample_791,Others,False,72.6,90.0,38.1,75.2,0.7,1241.1,37.0,Fire
Sample_792,Others,False,57.4,74.6,83.9,105.5,1.5,117.5,14.7,Water
Sample_793,Others,False,45.2,58.3,89.7,125.7,1.4,792.5,21.6,Grass
Sample_794,Blue,True,101.4,68.7,38.4,52.2,1.0,2954.3,9.8,Flying
Sample_795,Red,False,61.7,90.4,57.2,147.1,1.3,1013.5,38.8,Fire
Sample_796,Blue,False,76.3,77.0,70.0,104.7,1.0,220.6,19.7,Water
Sample_797,Green,False,53.0,63.7,88.9,150.2,1.6,561.3,23.4,Grass
Sample_798,Others,True,98.6,75.1,36.2,59.7,1.3,3094.1,14.3,Flying
Sample_799,Blue,True,60.1,62.2,70.4,78.0,1.5,101.7,31.7,Grass
Sample_800,Blue,False,83.6,82.6,59.6,81.9,0.9,50.4,24.4,Water
Sample_801,Red,False,72.8,84.1,40.8,129.5,1.1,1013.4,40.0,Fire
Sample_802,Blue,False,62.4,66.8,78.0,83.7,0.9,134.1,18.2,Water
Sample_803,Green,False,47.6,52.1,83.5,107.6,1.4,505.0,22.1,Grass
Sample_804,Others,True,98.8,65.2,37.1,41.0,0.6,2593.1,5.1,Flying
Sample_805,Red,False,68.3,98.8,52.0,154.6,1.5,914.8,38.9,Fire
Sample_806,Others,False,69.1,79.5,63.5,80.1,0.9,302.4,14.5,Water
Sample_807,Green,False,32.6,64.1,83.7,137.1,1.9,760.5,25.2,Grass
Sample_808,Red,True,97.2,72.9,47.5,51.5,0.7,1709.1,11.4,Flying
Sample_809,Others,False,85.9,88.9,29.6,48.0,0.4,1500.0,43.5,Fire
Sample_810,Blue,False,53.2,59.9,78.8,120.1,1.2,77.1,13.2,Water
Sample_811,Green,False,48.9,65.7,69.8,98.0,0.9,661.8,19.6,Grass
Sample_812,Blue,True,93.3,69.5,40.8,48.5,0.8,2261.0,10.3,Flying
Sample_813,Red,False,51.9,88.2,60.6,92.3,0.9,680.6,34.1,Fire
Sample_814,Red,False,77.1,65.4,65.8,115.3,1.1,260.9,20.9,Water
Sample_815,Others,True,59.5,73.3,92.2,126.2,1.3,433.0,22.9,Grass
Sample_816,Green,True,88.1,72.4,38.0,58.8,1.0,3061.2,16.9,Flying
Sample_817,Others,False,67.8,100.7,51.3,157.5,1.7,1104.4,38.9,Fire
Sample_818,Others,True,63.0,69.9,73.5,93.8,0.7,119.7,14.6,Water
Sample_819,Others,False,41.1,52.6,87.7,112.4,1.7,714.6,22.8,Grass
Sample_820,Red,True,92.9,84.7,39.1,65.6,1.3,1521.0,25.2,Flying
Sample_821,Red,False,71.1,84.5,42.4,116.6,1.0,1319.4,38.8,Fire
Sample_822,Blue,False,62.3,62.4,73.6,96.5,1.4,209.7,16.5,Water
Sample_823,Green,False,49.3,54.7,91.5,117.9,1.6,606.6,22.3,Grass
Sample_824,Others,True,91.6,87.2,35.7,50.8,0.9,2867.4,8.3,Flying
Sample_825,Red,False,63.4,101.7,53.5,151.3,1.5,898.7,42.4,Fire
Sample_826,Blue,False,74.0,84.5,66.8,99.0,0.5,184.7,18.9,Water
Sample_827,Green,False,42.6,62.2,89.4,125.9,1.7,755.0,25.6,Grass
Sample_828,Others,True,103.4,75.3,41.0,64.5,1.1,2393.1,11.2,Flying
Sample_829,Others,False,80.7,92.1,37.6,62.7,0.5,1548.6,42.4,Fire
Sample_830,Others,False,58.2,59.4,78.7,119.6,1.0,82.9,13.3,Water
Sample_831,Others,False,54.3,71.1,80.7,108.5,1.2,653.7,22.5,Grass
Sample_832,Blue,True,90.5,69.3,44.5,49.2,0.7,2036.1,13.2,Flying
Sample_833,Red,False,57.7,81.1,68.0,93.6,1.3,630.2,37.1,Fire
Sample_834,Blue,False,87.9,74.0,61.9,123.8,1.4,305.1,23.1,Water
Sample_835,Green,False,60.4,71.2,101.5,137.5,1.2,458.2,24.7,Grass
Sample_836,Others,False,94.5,81.6,35.5,76.9,1.2,3298.3,-2.1,Flying
Sample_837,Red,False,68.0,95.8,54.7,163.4,1.4,995.0,40.1,Fire
Sample_838,Blue,False,69.5,68.0,66.6,101.8,0.8,139.5,17.9,Water
Sample_839,Green,False,43.3,64.7,85.6,135.8,1.8,855.8,27.1,Grass
Sample_840,Red,True,96.7,87.2,36.5,66.7,1.0,1610.4,20.3,Flying
Sample_841,Others,False,68.3,90.7,38.6,73.4,0.8,1357.2,37.6,Fire
Sample_842,Others,False,62.1,56.2,84.6,109.5,1.4,126.0,15.2,Water
Sample_843,Others,False,49.6,56.6,79.9,130.3,1.5,769.4,23.9,Grass
Sample_844,Blue,True,93.4,70.2,40.1,59.1,0.8,2384.8,9.6,Flying
Sample_845,Red,True,57.1,92.4,62.0,141.0,1.2,911.1,30.4,Fire
Sample_846,Blue,False,69.8,68.8,73.8,96.6,1.0,228.1,18.0,Water
Sample_847,Green,False,52.3,63.1,92.8,139.3,1.5,530.8,24.1,Grass
Sample_848,Others,True,99.0,77.8,38.7,57.8,1.3,2874.9,12.6,Flying
Sample_849,Green,True,57.2,59.9,71.2,84.0,1.5,98.5,29.5,Grass
Sample_850,Blue,False,76.8,77.7,64.3,88.4,1.0,46.4,23.1,Water
Sample_851,Red,False,73.2,88.7,36.7,120.8,1.1,1233.3,41.7,Fire
Sample_852,Blue,False,64.2,66.0,73.0,85.3,0.9,162.6,19.0,Water
Sample_853,Green,False,45.4,51.9,96.2,108.0,1.3,487.2,23.2,Grass
Sample_854,Others,True,95.3,72.7,34.6,37.3,0.6,2618.4,5.5,Flying
Sample_855,Red,False,65.8,93.8,51.4,142.1,1.5,836.2,39.2,Fire
Sample_856,Others,False,74.6,74.3,61.8,83.8,0.8,295.8,16.3,Water
Sample_857,Green,False,34.1,63.0,84.6,130.9,1.8,809.0,25.3,Grass
Sample_858,Red,True,87.4,79.6,41.7,57.6,0.7,1758.3,13.4,Flying
Sample_859,Others,False,81.1,93.8,30.9,47.8,0.4,1533.8,40.6,Fire
Sample_860,Blue,False,53.3,60.3,79.6,122.6,1.2,82.2,11.6,Water
Sample_861,Others,False,47.6,61.1,79.3,100.6,1.0,668.0,20.8,Grass
Sample_862,Blue,True,92.6,67.7,40.1,48.2,0.8,2070.3,11.1,Flying
Sample_863,Red,False,58.4,85.3,65.8,94.9,0.9,738.9,38.5,Fire
Sample_864,Blue,False,75.9,69.3,68.7,95.9,1.2,247.7,19.7,Water
Sample_865,Green,False,56.8,75.9,94.4,133.0,1.4,368.7,20.2,Grass
Sample_866,Green,True,101.6,68.7,39.7,59.0,0.9,2982.3,17.3,Flying
Sample_867,Others,False,68.2,99.1,50.9,172.0,1.7,1119.7,39.5,Fire
Sample_868,Red,False,67.5,62.9,71.0,88.5,0.7,120.9,15.4,Water
Sample_869,Others,False,41.5,55.0,81.1,130.3,1.6,720.9,21.1,Grass
Sample_870,Red,True,91.7,73.3,42.9,63.7,1.2,1553.5,25.4,Flying
Sample_871,Red,False,77.9,80.5,46.0,114.0,1.0,1441.6,40.4,Fire
Sample_872,Blue,False,62.8,62.0,79.2,106.5,1.2,185.5,16.1,Water
Sample_873,Green,False,44.7,63.5,90.4,117.1,1.6,622.9,23.1,Grass
Sample_874,Others,True,94.1,72.9,36.3,49.8,1.0,2642.3,8.6,Flying
Sample_875,Red,False,64.8,94.7,55.0,146.2,1.4,872.2,39.1,Fire
Sample_876,Blue,False,69.1,75.2,66.0,97.1,0.6,181.0,19.1,Water
Sample_877,Green,False,43.4,61.6,92.7,137.0,1.7,755.4,27.6,Grass
Sample_878,Green,True,95.5,65.2,38.1,65.4,1.1,2270.9,12.5,Flying
Sample_879,Others,False,79.9,93.8,33.9,59.0,0.5,1797.6,38.9,Fire
Sample_880,Others,False,58.0,65.2,83.7,118.9,0.9,93.6,14.3,Water
Sample_881,Others,False,52.4,64.8,85.0,99.3,1.2,656.6,22.8,Grass
Sample_882,Blue,True,86.1,66.8,43.8,49.1,0.7,2000.1,13.1,Flying
Sample_883,Red,False,60.8,84.7,71.3,110.6,1.2,630.7,33.4,Fire
Sample_884,Blue,True,85.9,69.5,68.1,109.4,1.3,309.1,23.3,Water
Sample_885,Green,False,66.6,69.5,93.5,136.1,1.1,458.4,25.4,Grass
Sample_886,Others,False,92.1,79.9,31.4,81.5,1.3,2975.5,-2.0,Flying
Sample_887,Red,False,74.6,98.2,58.7,179.3,1.7,975.7,42.0,Fire
Sample_888,Blue,False,71.6,68.4,75.8,96.9,0.8,146.2,17.1,Water
Sample_889,Green,False,44.2,58.1,89.4,128.4,2.0,895.0,26.6,Grass
Sample_890,Red,True,93.6,74.1,38.7,65.9,1.0,1731.3,22.4,Flying
Sample_891,Others,False,73.0,91.1,38.9,73.5,0.7,1332.7,39.7,Fire
Sample_892,Others,False,61.8,64.9,75.2,114.1,1.5,119.0,16.0,Water
Sample_893,Others,False,45.5,60.3,88.7,115.0,1.4,808.1,24.9,Grass
Sample_894,Blue,True,98.0,76.9,41.5,55.6,0.9,2523.6,10.2,Flying
Sample_895,Red,False,66.2,97.4,59.2,139.9,1.1,1011.4,36.9,Fire
Sample_896,Green,False,71.1,73.7,70.5,101.9,1.0,213.9,20.7,Water
Sample_897,Green,False,50.0,72.9,94.2,130.6,1.6,517.2,25.7,Grass
Sample_898,Others,True,94.5,75.3,36.1,60.6,1.2,2798.6,13.3,Flying
Sample_899,Green,True,59.5,60.3,77.8,71.7,1.4,103.9,28.6,Grass
Sample_900,Blue,False,91.8,77.5,65.0,92.5,0.9,50.5,26.2,Water
Sample_901,Red,False,81.0,89.8,40.2,124.2,1.1,1124.1,39.5,Fire
Sample_902,Blue,False,56.3,67.8,81.4,81.0,0.8,153.5,17.1,Water
Sample_903,Green,False,48.2,44.0,81.7,104.2,1.3,492.2,21.9,Grass
Sample_904,Blue,True,96.4,73.0,36.6,37.6,0.6,2366.3,5.5,Flying
Sample_905,Blue,False,65.5,91.1,55.6,154.5,1.5,931.2,37.4,Fire
Sample_906,Others,False,72.5,77.4,62.6,87.3,0.8,310.6,15.5,Water
Sample_907,Green,False,35.0,58.3,95.0,135.3,1.8,824.3,24.9,Grass
Sample_908,Red,True,84.4,87.7,43.9,58.4,0.7,1741.2,13.1,Flying
Sample_909,Others,False,76.9,97.8,28.5,50.9,0.4,1488.4,44.8,Fire
Sample_910,Blue,False,56.7,59.3,83.1,111.9,1.2,77.1,10.9,Water
Sample_911,Others,False,45.8,62.3,75.3,97.2,1.1,647.3,21.3,Grass
Sample_912,Blue,True,86.3,63.7,41.3,38.5,0.8,2147.6,11.0,Flying
Sample_913,Red,False,56.1,92.1,59.2,101.0,0.9,789.7,35.2,Fire
Sample_914,Blue,False,69.4,69.9,67.1,106.5,1.0,260.9,20.0,Water
Sample_915,Green,False,62.2,76.3,97.3,137.0,1.5,425.4,23.8,Grass
Sample_916,Green,True,87.3,69.8,36.6,58.0,1.1,2982.9,14.2,Flying
Sample_917,Others,False,66.7,97.9,51.3,166.0,1.8,1121.8,44.2,Fire
Sample_918,Others,False,69.0,74.6,69.6,89.4,0.7,117.3,15.6,Water
Sample_919,Others,False,39.1,54.9,88.7,128.2,1.5,686.0,21.7,Grass
Sample_920,Red,True,94.8,83.8,44.7,66.0,1.2,1503.8,25.6,Flying
Sample_921,Red,False,66.7,78.7,47.0,108.6,1.0,1365.9,35.6,Fire
Sample_922,Blue,False,61.6,58.0,74.5,101.8,1.3,205.2,17.0,Water
Sample_923,Green,True,49.0,58.5,93.0,118.6,1.6,643.1,24.5,Grass
Sample_924,Others,True,94.2,81.7,36.8,52.6,0.9,2849.7,7.9,Flying
Sample_925,Red,False,66.2,89.2,50.0,149.8,1.4,870.6,45.3,Fire
Sample_926,Blue,False,64.8,75.6,60.5,104.4,0.6,191.5,17.9,Water
Sample_927,Green,False,40.9,64.4,92.8,140.4,1.7,743.7,25.1,Grass
Sample_928,Green,True,99.1,72.8,37.5,66.5,1.0,2333.3,12.8,Flying
Sample_929,Others,False,79.6,95.1,35.4,61.7,0.5,1577.8,44.4,Fire
Sample_930,Others,False,57.5,65.8,80.5,122.1,1.1,100.8,13.3,Water
Sample_931,Others,False,53.1,70.1,84.3,100.7,1.3,668.0,23.5,Grass
Sample_932,Blue,True,89.9,62.5,44.8,48.8,0.7,2218.3,13.0,Flying
Sample_933,Blue,False,57.8,86.0,68.8,99.7,1.2,565.7,38.5,Fire
Sample_934,Blue,False,73.9,75.1,64.9,109.5,1.4,310.8,22.2,Water
Sample_935,Green,False,61.5,70.1,91.8,122.5,1.1,454.5,25.6,Grass
Sample_936,Blue,False,93.9,76.8,32.7,72.7,1.4,2968.0,-2.0,Flying
Sample_937,Red,False,74.7,93.3,61.3,163.0,1.6,987.4,39.8,Fire
Sample_938,Blue,False,69.8,62.1,72.1,91.0,0.8,141.3,16.7,Water
Sample_939,Green,False,41.6,59.2,85.3,126.2,1.8,919.7,28.2,Grass
Sample_940,Red,True,97.7,80.7,37.1,70.5,1.0,1754.2,20.3,Flying
Sample_941,Others,False,74.1,84.8,38.2,71.0,0.7,1186.2,40.1,Fire
Sample_942,Others,False,64.9,69.7,77.4,108.9,1.6,105.4,16.0,Water
Sample_943,Others,False,46.0,57.6,74.2,128.2,1.4,812.5,22.7,Grass
Sample_944,Blue,True,95.6,71.5,37.8,54.4,0.9,2856.7,10.9,Flying
Sample_945,Red,False,61.9,95.9,63.8,144.1,1.2,915.6,33.6,Fire
Sample_946,Blue,False,70.0,75.2,68.6,104.1,0.9,232.7,18.4,Water
Sample_947,Green,False,50.8,71.8,90.3,139.7,1.6,550.2,24.6,Grass
Sample_948,Others,True,92.1,72.4,34.5,65.0,1.2,2748.3,13.1,Flying
Sample_949,Green,True,63.5,57.8,69.8,83.5,1.5,107.2,30.0,Grass
Sample_950,Blue,False,88.3,84.3,60.1,90.2,0.9,46.8,22.5,Water
Sample_951,Red,False,77.2,82.7,39.7,132.4,1.1,1308.4,36.6,Fire
Sample_952,Blue,False,60.6,59.8,75.1,87.2,0.9,148.1,18.2,Water
Sample_953,Green,False,46.0,50.6,84.5,91.7,1.3,531.2,21.4,Grass
Sample_954,Others,True,93.0,66.2,34.1,40.1,0.6,2563.2,5.1,Flying
Sample_955,Red,False,69.4,88.4,50.3,157.2,1.5,883.1,37.8,Fire
Sample_956,Others,False,67.2,72.3,63.4,83.4,0.8,319.1,16.4,Water
Sample_957,Green,False,36.7,62.9,83.9,137.5,1.8,851.5,25.2,Grass
Sample_958,Red,True,84.9,78.9,47.0,58.1,0.7,1767.8,12.6,Flying
Sample_959,Others,False,87.3,87.5,26.0,53.6,0.4,1552.8,44.1,Fire
Sample_960,Blue,False,58.3,54.1,80.9,122.4,1.2,76.9,12.4,Water
Sample_961,Others,False,49.3,66.4,74.4,98.5,1.1,653.5,19.6,Grass
Sample_962,Blue,True,83.6,67.4,40.2,47.1,0.8,2315.3,10.8,Flying
Sample_963,Red,False,56.8,84.4,69.2,93.5,0.9,730.3,36.7,Fire
Sample_964,Blue,False,73.1,63.6,68.7,105.9,1.0,234.8,21.2,Water
Sample_965,Green,False,62.4,71.3,99.6,122.8,1.3,381.5,23.7,Grass
Sample_966,Blue,True,102.5,71.4,38.3,62.2,1.1,3019.7,15.8,Flying
Sample_967,Others,False,69.4,104.3,54.3,167.8,1.8,1169.7,38.1,Fire
Sample_968,Others,False,62.3,65.9,67.2,93.8,0.7,128.5,15.2,Water
Sample_969,Others,False,39.7,51.4,89.3,125.4,1.6,737.6,22.4,Grass
Sample_970,Red,True,88.6,82.0,41.0,70.3,1.3,1442.0,27.1,Flying
Sample_971,Red,False,68.4,81.4,45.5,117.9,1.1,1379.2,35.4,Fire
Sample_972,Blue,False,63.8,66.2,73.7,102.6,1.4,192.9,15.3,Water
Sample_973,Green,False,47.4,55.0,92.0,120.6,1.5,646.5,24.3,Grass
Sample_974,Others,True,87.0,72.8,37.1,53.8,1.0,3073.1,7.8,Flying
Sample_975,Red,False,66.1,90.9,49.2,156.0,1.6,899.8,40.1,Fire
Sample_976,Blue,False,69.9,77.5,65.1,86.4,0.6,154.3,21.8,Water
Sample_977,Green,False,43.7,64.9,91.5,123.0,1.8,703.3,29.8,Grass
Sample_978,Green,True,91.5,71.4,36.9,73.1,1.1,2559.5,11.6,Flying
Sample_979,Others,False,74.8,87.2,37.7,58.2,0.5,1632.1,43.5,Fire
Sample_980,Others,False,57.6,64.3,82.1,116.8,1.1,96.2,12.5,Water
Sample_981,Others,False,52.6,66.6,80.8,95.6,1.2,664.8,23.2,Grass
Sample_982,Blue,True,85.5,63.1,43.5,53.4,0.7,2087.5,14.0,Flying
Sample_983,Red,False,63.6,83.7,68.2,102.9,1.3,588.5,38.5,Fire
Sample_984,Blue,False,79.2,78.1,67.3,114.6,1.4,309.6,21.1,Water
Sample_985,Green,False,66.2,66.4,104.2,139.6,1.2,409.5,24.7,Grass
Sample_986,Others,False,104.0,73.8,31.4,71.6,1.3,3140.5,-2.1,Flying
Sample_987,Green,False,61.3,98.4,59.7,180.9,1.7,1006.6,41.0,Fire
Sample_988,Blue,False,61.8,72.7,77.5,97.8,0.9,140.3,18.3,Water
Sample_989,Green,False,46.0,57.7,86.5,137.7,2.0,856.7,26.4,Grass
Sample_990,Red,True,88.1,87.0,37.7,69.5,0.9,1624.8,20.0,Flying
Sample_991,Others,False,75.3,92.4,41.5,68.1,0.7,1284.4,35.2,Fire
Sample_992,Others,False,60.4,65.4,76.0,105.6,1.5,114.9,16.7,Water
Sample_993,Others,False,45.2,61.5,82.6,118.2,1.4,836.6,22.4,Grass
Sample_994,Blue,True,84.5,67.7,38.6,55.8,0.9,2487.2,10.0,Flying
Sample_995,Red,False,64.3,92.7,59.1,127.6,1.3,943.6,37.8,Fire
Sample_996,Blue,False,71.2,70.0,75.5,104.7,0.9,220.3,18.2,Water
Sample_997,Green,False,50.9,64.7,95.7,136.3,1.5,569.9,24.9,Grass
Sample_998,Red,True,99.2,74.3,33.1,62.2,1.2,3004.8,11.7,Flying
Sample_999,Green,True,62.1,62.1,69.6,81.0,1.5,99.5,30.4,Grass
Sample_1000,Blue,False,86.3,80.2,62.2,92.6,1.0,53.2,26.4,Water
